37.36069 -6.95299
37.24009 4.63005
217.3986 -2.43966
213.13155 -2.45441
218.11787 -2.02059
69.46581 4.67926
70.47402 -53.32407
253.57668 83.62475
313.66815 60.16222
311.85177 44.08875
181.50523 -47.34122
329.51487 -28.04356
311.85177 44.08875
168.57627 -67.09225
69.46581 4.67926
68.98012 14.48974
57.68396 8.67193
268.37226 23.15232
132.00045 -20.66791
132.00045 -20.66791
359.73255 -2.36161
4.03089 -3.38766
176.51065 -15.11435
69.85975 -28.27039
91.75434 -38.25641
120.34675 -20.34266
87.99255 68.87632
216.04472 53.95226
92.7646 -35.57552
92.7646 -35.57552
338.9253 14.51078
297.69653 54.75208
159.04576 -84.27097
339.18433 27.3871
211.48472 -1.0362
175.38806 12.61321
63.34033 27.28979
100.112 -27.14412
337.59323 -72.01819
172.49839 37.54198
81.04474 11.03503
289.79179 20.70994
356.55645 -4.09632
58.47975 57.3363
0.70525 -2.3654
175.78305 63.3677
175.78305 63.3677
38.06304 4.6158
248.49513 34.75486
56.30997 -17.98547
216.55184 54.65237
56.28261 34.77496
81.67626 0.41247
282.95386 36.8124
90.03921 -48.72579
112.50389 -22.47358
0.04599 -5.09503
138.9742 -40.23345
144.22935 -26.87267
2.822 -37.87718
9.59427 55.65506
172.11406 -16.9613
159.04576 -84.27097
44.76195 -32.63809
44.76195 -32.63809
73.88709 10.53637
75.1612 8.23109
8.8585 12.83834
311.81455 75.08626
279.42436 -17.57098
251.92684 -19.22886
73.68708 10.97438
73.68708 10.97438
78.62698 11.9571
78.62698 11.9571
80.53919 9.96232
80.53919 9.96232
80.53919 9.96232
79.5413 12.04323
78.33868 9.89007
25.61433 1.1011
77.26281 15.13411
77.26281 15.13411
77.26281 15.13411
81.84308 16.48159
77.31999 20.8037
345.98514 10.84575
42.94366 -49.1871
238.42937 44.01996
6.11549 -3.72589
275.36894 26.7008
180.34682 -74.92888
213.24587 27.55072
73.21026 18.12442
74.43259 17.51848
68.59512 14.25314
72.68455 7.87857
73.14702 14.72413
80.45666 10.92515
76.21133 9.74242
80.37328 8.75738
82.82015 17.09529
72.01795 8.21752
76.98011 9.95162
78.48806 12.78264
175.58174 -27.51381
74.08669 7.85257
78.90205 11.7114
80.01329 7.75597
76.91718 12.54674
71.96201 12.8219
81.05265 14.0588
76.59735 8.90874
201.10805 29.88541
49.89609 -56.20059
79.68563 14.3309
73.18543 14.56786
70.40875 16.79215
217.62487 32.24587
187.75857 -73.99475
75.42939 9.80545
52.72026 21.06338
119.44578 27.6549
221.87205 -15.18304
187.53757 10.42964
70.17289 15.11288
72.30607 9.13322
77.63349 12.13853
80.86181 13.14677
213.01042 -2.17853
80.91089 10.10838
70.20006 16.94089
64.21591 -62.23886
76.40109 9.25285
80.48988 18.81626
75.56386 10.52882
78.38828 11.21376
79.68402 14.75417
318.5586 47.99348
78.84084 10.58296
74.73194 17.36479
73.49581 14.12111
79.03919 12.17404
76.22744 18.01603
77.02616 10.63645
76.56618 12.0424
79.20453 19.87459
82.68811 12.80745
70.66885 16.21383
78.45857 16.58456
71.85484 16.19611
309.74334 -19.58207
76.96162 16.3252
72.02081 13.29617
131.85171 -33.72006
307.71909 -23.31633
299.84187 -50.82328
73.37692 14.57345
1.13728 -1.76209
359.01409 -2.98902
236.57905 -24.13546
5.58745 -2.46794
74.48612 16.62216
297.36997 -15.91403
75.34626 11.47224
75.83798 5.83975
82.52041 16.72009
351.51546 32.19557
78.17886 19.37193
151.51873 -25.86168
83.15516 80.44433
119.58614 33.09145
242.4005 1.29682
292.23657 4.73323
74.11024 17.07258
69.97316 14.47665
135.4706 -9.10798
79.01876 11.67426
74.41784 11.59243
80.57101 14.94053
79.03594 17.66824
72.33368 11.7468
138.25643 21.70555
82.09102 17.72552
228.663 0.07822
214.46699 35.6162
72.6536 13.59929
80.13841 34.09023
161.59825 -86.56158
71.19215 10.44107
53.56524 -27.63577
79.07683 14.52091
169.55248 -25.99734
227.5666 -42.08891
77.2386 -59.71963
75.8831 13.48156
79.39487 10.93871
71.20378 10.45836
273.27444 19.78216
69.85924 13.71774
336.18087 -25.69177
77.88787 15.64895
78.46058 19.83985
74.78534 11.38496
72.72911 16.87575
72.98747 7.90013
73.42492 10.5562
78.48533 12.15345
77.25979 8.85504
74.42746 8.62923
78.86456 17.75645
78.78512 12.26418
56.17023 -51.54478
55.89444 -45.40318
115.11108 -58.2406
73.45576 11.13423
77.95933 10.38166
81.52166 12.2882
144.09842 6.09973
77.67308 16.90563
78.27565 15.03
82.73316 15.90743
16.3427 29.61681
72.12006 15.95528
228.21187 -56.10651
79.10674 7.24545
94.64478 24.33732
254.97594 57.73789
78.26193 19.77727
69.92349 14.84472
81.34803 -57.18299
272.24323 5.6589
75.20968 11.48845
72.80866 11.63523
80.46622 7.9355
80.4378 13.72935
287.27271 60.34375
277.73064 27.58074
74.88682 7.95519
81.7403 16.74464
77.06067 10.04186
74.25808 16.92531
279.58436 -7.30635
77.50759 16.91904
71.83164 15.51241
291.30742 43.15288
71.6601 10.10494
20.64911 -40.44359
90.54823 -58.23281
79.86512 7.4819
160.29013 -37.03132
79.31782 12.05195
178.75648 -9.32552
155.49874 23.16543
77.23333 13.74766
82.1743 16.44236
112.43817 0.97076
69.71519 -56.64891
74.02528 10.42657
253.88843 22.08045
78.27087 10.24795
81.41906 15.79943
330.01703 -35.68168
79.07662 16.55153
73.54712 10.86393
134.94219 61.72135
80.37293 10.80167
81.47969 11.41579
80.67164 16.28256
215.14807 34.45558
73.37626 8.73475
76.59871 9.14384
101.44251 13.28607
78.64558 16.39814
80.2389 19.19378
251.41253 52.9432
75.17704 13.19467
104.72204 10.82417
74.43727 17.84364
80.05008 15.00864
55.89444 -45.40318
78.31739 15.58472
70.31978 11.40614
77.96982 10.31965
71.29732 10.16384
224.6733 -57.2719
77.69523 13.58368
73.37692 14.57345
76.35333 13.56194
68.65619 14.40649
75.10743 13.17249
76.65702 13.67995
71.60688 17.34751
80.56864 14.14282
238.66016 -31.85846
75.59975 5.97338
79.83355 11.81086
71.00646 17.44261
28.02639 -43.7286
71.83343 13.46754
353.50394 48.2726
73.2573 10.71393
250.73443 -56.06514
74.88508 8.99914
121.59773 -1.62965
355.48042 -35.84922
274.33495 1.25835
71.62046 15.86299
74.0723 16.8434
70.77221 11.39023
83.7023 12.73735
4.10436 -3.27943
81.83486 10.77239
359.71528 -2.07199
39.07968 -52.51355
81.65877 16.2211
0.34512 -2.1667
124.8456 -62.06908
352.97985 16.56489
279.09436 -59.46088
281.66644 56.0218
80.94435 13.01505
78.57331 12.48383
324.60739 -63.64837
359.22654 -54.07399
216.66589 51.28228
71.60197 13.53661
230.52055 3.53127
200.34626 48.02793
70.20006 16.94089
112.64721 40.50258
74.51966 8.6369
142.80364 45.37156
1.51324 -1.71303
136.89331 -4.05517
317.68341 53.54342
80.36831 8.83576
281.81705 -17.5933
72.52885 15.13516
80.82529 15.26491
69.94431 14.0381
4.20225 -3.01439
268.17465 55.70341
2.36442 -1.74833
78.45852 13.06531
223.54147 -41.61299
80.2128 8.54786
74.53703 10.01365
76.26546 15.68836
72.98129 11.51067
80.15696 6.73189
73.63765 18.26755
75.59135 17.39614
12.94347 -10.34806
134.80295 -55.43141
2.46545 -2.00459
180.972 -20.24835
359.6123 -1.42605
78.48854 16.88885
82.69471 -11.99004
80.69553 9.44424
84.3018 13.02195
79.15173 10.3587
107.50294 31.44755
78.47729 14.98902
288.06468 -49.35142
173.01083 -23.0516
72.46469 9.301
147.39342 9.07206
0.25345 -1.08408
71.10178 17.26662
2.95282 -3.10446
75.50723 6.67033
6.11047 1.96152
2.62527 2.70877
73.59645 7.47435
72.65218 8.68012
296.36705 -8.32378
112.37477 30.5774
73.88117 7.43714
345.9806 -6.63429
76.51187 9.22798
200.54899 30.42848
77.18475 15.99895
79.90298 17.92352
75.50727 5.73806
73.05327 18.95671
76.33029 8.83542
78.81162 13.97444
250.09761 -33.5212
74.79049 16.71563
77.98305 12.28194
171.89958 -14.93888
211.23645 17.61294
185.30741 22.73004
79.97169 8.65569
79.07683 14.52091
267.38763 56.74212
313.40462 15.61315
77.49514 17.23201
78.64292 13.0857
356.73353 -70.48442
72.70698 11.41789
71.83343 13.46754
183.77072 -15.41489
147.08028 -57.78259
78.27565 15.03
236.35232 13.83403
37.04172 7.79576
23.52808 39.03285
70.95869 10.98805
78.0353 18.21023
110.73044 -12.12835
69.79203 14.42317
74.41131 7.18752
321.88332 49.93541
73.01937 7.63044
284.96094 11.27684
79.01712 11.19167
74.99789 7.01237
315.31134 33.60295
106.98514 -29.70224
82.79837 14.05749
72.85057 12.55983
211.65797 -15.71602
72.38946 9.356
243.59017 51.77727
280.60948 -31.0579
98.63193 34.77412
80.82269 13.83649
167.73566 -15.43366
234.7828 -37.98373
82.62976 12.00586
42.20533 -19.71107
45.74798 -48.18707
82.68811 12.80745
77.92249 11.78641
155.97706 35.42633
73.94724 12.9292
70.94724 10.68138
73.41447 10.89592
30.55222 -80.57935
230.84909 42.72934
174.75407 -14.0676
78.47517 18.73849
75.16036 16.45824
45.42617 57.46841
219.94384 11.11156
77.31523 8.61818
78.93478 7.37243
69.75527 14.51069
216.96953 -33.72746
70.75846 13.68918
90.05451 36.80887
321.13626 30.27776
75.41102 12.04501
76.26721 9.39277
72.32578 11.87795
76.08999 6.33882
79.751 11.86335
69.94859 13.49937
78.95465 11.58456
275.46822 -26.88106
312.35473 -53.76568
79.07509 11.4348
282.94348 -7.18105
75.0185 7.37141
79.01876 11.67426
82.19755 17.29145
333.2377 70.9386
76.88378 19.2323
82.42579 -35.24688
281.56671 35.06915
73.08205 13.31439
243.46674 -70.83548
302.46383 15.25563
215.35863 -19.05301
81.25178 13.4834
100.33669 24.75349
83.79725 13.4167
76.99344 6.92164
70.90578 16.05526
75.99216 -63.15691
78.86026 11.8369
198.21513 -27.9555
123.40032 52.27052
251.87109 -52.90138
73.20413 17.7265
85.77535 85.54996
347.17359 -6.31279
76.8224 15.64277
285.33397 62.74727
79.13395 16.24521
130.72775 -46.03596
79.09551 12.86311
76.71253 20.71013
71.22602 12.80662
72.47787 14.63554
72.54584 -18.8565
73.6759 11.49987
77.15811 13.34189
247.79386 -56.82539
99.98716 17.72195
18.84069 2.35367
79.75291 6.70496
206.47299 46.45801
77.61798 11.8708
187.75857 -73.99475
79.18243 7.46221
71.83343 13.46754
284.88498 27.65117
73.64385 16.17103
240.59869 9.03821
243.74636 -41.20214
163.93545 41.83189
73.6739 19.67833
47.68869 -17.30896
285.3953 -22.91722
119.58108 51.16066
71.81906 13.89999
75.33161 -60.78063
79.08067 13.06551
77.95933 10.38166
199.53738 -1.38131
36.66096 7.77355
76.80898 16.32186
75.42329 8.11144
76.8224 15.64277
78.73264 19.20216
322.27085 53.83847
79.86092 14.83536
136.79772 67.57906
79.41623 9.27858
71.00646 17.44261
74.0723 16.8434
76.48359 20.43475
70.4517 9.05558
359.44857 -19.07842
55.87483 -24.8847
74.32695 16.98722
305.14033 2.48683
73.36636 -2.65449
203.39812 -29.82337
84.33493 13.06442
91.25241 -13.18873
71.75047 16.47671
73.09059 16.03365
73.12426 7.44438
73.9995 8.07033
198.61297 -30.65764
74.94922 14.65155
73.1433 15.35579
203.20137 61.51905
306.49947 -2.30153
73.25789 8.09496
7.63314 -40.25582
74.88508 8.99914
70.9923 11.15868
292.19218 56.17618
74.22764 11.94515
116.69017 -18.44687
71.80378 8.35401
72.32643 12.80585
74.25808 16.92531
76.70687 16.16963
72.05393 12.35491
99.79172 -19.03641
76.46837 17.83069
156.97286 20.18918
135.28348 -70.71162
327.7775 18.11147
76.16801 14.08265
76.46837 17.83069
138.62406 75.20995
196.81868 37.71118
196.81868 37.71118
196.79526 37.69663
196.79526 37.69663
196.79526 37.69663
196.79526 37.69663
196.79526 37.69663
26.16217 23.60704
327.07069 7.38103
327.07069 7.38103
327.07069 7.38103
131.99027 10.9937
14.50487 -16.7282
264.32032 -49.6531
259.39432 23.62895
305.64883 35.29676
38.73059 -67.19545
318.44307 -33.04892
317.48266 44.13309
324.41348 -67.74839
250.56446 -35.97592
317.04896 25.84003
317.04896 25.84003
172.51277 -3.36514
215.89677 -28.49413
215.89677 -28.49413
285.47075 -60.62926
330.38292 13.49299
17.2569 -54.86633
341.6104 -23.142
311.29973 -45.01504
283.25037 61.03534
283.25037 61.03534
215.74169 31.87601
295.18424 52.97976
340.07657 -7.91779
259.77379 -42.01396
259.77379 -42.01396
259.77379 -42.01396
259.39432 23.62895
193.28189 24.14746
193.28189 24.14746
182.93672 15.13189
286.76567 23.47854
340.20225 25.87599
345.01064 -17.81794
43.16408 -67.66194
356.35634 -34.54977
71.10629 66.0563
71.10629 66.0563
71.10629 66.0563
110.0336 40.76171
163.30436 -5.02267
280.78472 24.19215
103.20338 33.42663
103.86457 19.36777
283.14838 -21.13082
283.14838 -21.13082
237.15768 -62.41261
237.15768 -62.41261
233.18657 -39.77864
236.03182 -42.65561
243.12826 -33.37402
264.84462 71.95418
237.43871 0.36349
315.88757 -26.58826
87.00512 -60.07625
179.98963 -13.08649
335.72494 -33.08256
161.80805 40.91939
285.47075 -60.62926
36.20133 -22.9877
55.92403 -8.60952
36.42762 -23.10226
72.62429 -21.10497
106.95294 -27.69719
149.23316 -15.69515
128.49414 -8.78307
240.63519 10.07299
253.96591 29.97455
193.28189 24.14746
215.90556 32.01882
267.83346 -25.12418
54.40658 74.81543
78.0844 5.00609
350.37986 2.76532
63.20153 -34.1737
297.12181 35.70193
51.56181 15.06288
107.22879 24.19546
71.10629 66.0563
279.01783 2.83645
279.01783 2.83645
278.85603 20.31268
278.85603 20.31268
286.66699 33.66562
332.43708 24.69359
332.39696 17.32856
135.15193 28.11769
89.24153 -63.8099
89.24153 -63.8099
89.24153 -63.8099
263.70129 -11.70976
263.70129 -11.70976
29.64424 -10.55145
55.92403 -8.60952
280.78472 24.19215
280.78472 24.19215
280.78472 24.19215
264.32032 -49.6531
318.44307 -33.04892
103.86457 19.36777
195.68213 -40.48693
342.22513 -56.29983
342.22513 -56.29983
359.96069 -1.49759
66.66421 19.31948
182.93672 15.13189
50.42179 -58.65451
70.58601 11.39483
43.85785 -30.82613
73.24044 12.43412
3.29979 -72.33626
103.38145 55.39162
71.90739 16.50143
72.84822 18.32302
75.92365 10.61295
117.69316 13.53568
73.69343 9.37925
213.05304 29.69759
226.33264 -18.651
74.88554 18.12577
117.11872 31.57831
74.54269 12.39401
213.22491 -9.16321
80.78081 11.67812
70.29718 15.96037
342.43152 31.76781
71.64555 13.20337
157.24389 36.96199
76.5726 13.04277
287.94231 2.95274
73.92797 18.46832
72.36887 13.55138
206.04093 -39.7342
124.65937 23.1617
52.5209 -49.98864
78.0353 18.21023
78.26219 7.58873
230.54546 -72.38806
73.04331 8.11892
69.85238 13.44295
76.1889 65.39358
78.66806 15.9007
210.38123 -4.4686
71.89524 19.08479
79.80955 12.76351
32.27249 26.15047
78.98169 18.29475
82.73998 12.03282
232.51709 26.90832
80.13841 34.09023
69.66537 10.31333
73.53701 18.04476
271.16031 -60.52943
71.32161 12.75373
2.7292 59.83597
73.37692 14.57345
211.23645 17.61294
74.47828 10.16065
314.43361 -10.93111
337.02981 -26.03035
77.14669 8.38649
79.95374 18.383
70.58352 9.22104
81.04443 10.72541
329.51487 -28.04356
76.52003 9.84769
78.24401 19.96859
144.99499 -1.2203
335.05211 55.81739
281.66644 56.0218
74.30084 11.01535
77.7304 16.58578
69.55449 15.33019
103.42009 32.9746
76.41857 17.56485
84.6144 30.17327
71.81174 14.09655
76.77586 17.79756
73.33267 12.73917
292.35223 55.65723
77.54717 13.82547
251.53692 6.45039
79.58545 16.96872
330.5855 53.97598
80.77053 10.34936
72.31602 8.87006
76.6273 9.61971
240.30179 57.82145
74.02528 10.42657
72.81063 8.18819
132.06341 -53.49488
185.96381 -5.97486
70.72418 11.07784
83.72613 12.80293
69.21634 15.3225
44.59738 -49.81476
76.56528 13.29978
78.70435 12.75822
76.85046 21.14301
125.35178 -25.63483
99.3068 -69.41004
80.97939 15.33197
78.9153 10.49531
73.50551 15.1176
73.85727 10.30916
48.74576 -55.37019
71.21092 10.22219
80.61347 13.5173
350.73395 20.36823
74.70457 17.385
74.60426 11.38109
83.5226 11.99998
281.81705 -17.5933
282.35871 -38.83332
80.34362 18.81793
76.15527 13.5747
75.61222 17.29955
308.11038 -7.50632
125.91346 3.37092
201.24412 33.43766
82.32309 15.41574
76.80044 19.13232
45.85302 48.02124
78.29545 12.99564
111.85157 9.50311
71.16452 14.16429
330.0607 69.96078
82.84035 13.76677
82.29819 10.29931
70.17289 15.11288
267.02928 58.39355
334.51571 27.30029
176.61237 -29.48306
81.32513 10.02398
113.38302 -86.96771
75.8848 10.53166
168.32281 -22.507
328.70205 -49.93536
74.74287 10.07705
72.59591 12.52439
176.84739 75.01257
280.67988 -38.73361
76.82872 19.32312
276.98925 35.90172
326.17234 58.68771
258.09657 -17.33308
78.1688 19.45131
74.98872 50.45641
81.87731 9.70399
74.39302 14.42583
83.1107 16.9967
82.7281 13.10893
77.85752 11.79362
122.7358 -64.0675
61.12716 -45.6399
78.16657 15.68342
73.01252 11.55622
195.67069 4.86549
294.36019 3.05495
8.52065 -0.18908
69.05421 14.28192
74.73565 10.06365
102.28211 43.94313
77.39112 10.59114
325.60907 -55.92883
77.89166 8.76631
58.54106 -8.75906
73.30625 15.54303
53.48367 48.92412
73.95914 10.91713
116.87585 -18.46753
73.09948 7.96666
215.35863 -19.05301
72.95966 9.02309
259.03088 42.6058
79.73595 17.1689
72.47195 12.54618
103.88664 38.97653
74.83939 14.74789
255.10364 56.3513
74.27465 15.99548
74.35134 16.65939
71.59819 13.22734
74.75577 12.37222
74.1828 17.7141
75.25718 12.74707
260.18944 54.74227
76.07606 13.25897
76.9416 16.20868
262.35993 25.49296
78.17318 10.02584
79.31892 11.81541
74.22764 11.94515
299.97278 30.07542
75.58833 8.46248
345.95969 18.66769
81.3727 16.37273
76.08999 6.33882
52.42181 13.45455
15.57751 -26.21481
79.00501 8.90565
76.90536 10.80439
80.88765 10.15452
69.96483 10.84034
330.29727 53.29188
80.43622 13.14169
72.4343 8.36975
81.47197 10.86809
141.30331 -9.07471
80.80071 13.51572
120.73677 -22.64223
229.60791 -55.51629
81.36992 12.48273
75.96152 13.27861
78.67776 51.36226
83.4802 12.88805
77.1239 12.93656
154.43765 -28.29389
76.9416 16.20868
82.01371 13.45799
79.93767 9.97076
35.51789 33.53099
72.61899 15.13726
239.35512 -18.86685
71.33871 16.40754
74.95576 12.99462
268.41173 -28.49114
79.48167 15.0438
70.54989 11.01831
81.73967 17.25221
327.97536 -21.13931
79.67079 7.00333
81.47347 12.65857
20.81376 2.50674
230.84909 42.72934
72.94891 20.18801
93.08126 29.1513
71.58697 16.61311
87.24859 -55.87877
118.37663 23.23912
77.84988 19.41312
81.87528 13.35762
71.6163 19.13655
75.3761 13.8754
83.15616 12.6227
263.01395 56.17967
74.72295 13.04119
75.10988 6.95002
73.80612 -62.24683
81.68426 9.77284
72.46721 18.62824
130.09141 -37.18978
76.69865 10.40623
277.25461 7.75911
71.75047 16.47671
76.65408 13.59658
77.87852 11.33663
75.87728 16.49419
348.63857 17.53871
268.81455 -30.34064
44.30037 -14.22203
268.80649 -58.32307
64.21591 -62.23886
72.02506 10.57479
75.65661 14.04353
89.29524 24.23792
258.36341 -30.61167
78.86026 11.8369
77.72618 8.92018
75.44422 16.72791
77.56786 16.73486
81.69041 14.83753
71.94353 10.62298
74.34305 11.81785
224.44468 17.22912
75.3761 13.8754
71.33871 16.40754
80.83058 7.90528
230.84909 42.72934
78.47034 19.96081
82.59443 12.74966
82.43762 12.87817
119.4454 21.68276
74.80477 17.03433
74.49731 12.48017
257.43436 52.45583
79.35114 17.25653
69.56634 14.0307
72.78095 16.76278
80.95199 9.68715
77.26389 17.07331
132.80593 -60.92611
284.95295 -40.50147
71.67536 13.19907
30.50173 27.12388
80.48988 18.81626
82.61406 10.47604
208.0021 -43.37801
71.38433 9.66405
78.20628 14.89907
69.46669 14.74064
81.87731 9.70399
345.56761 20.00444
72.44195 10.47368
5.94504 -9.05461
288.79758 22.90064
174.46686 -32.85522
173.63114 -21.53476
87.52859 -68.28074
237.4367 -6.85292
77.75717 8.2785
81.83486 10.77239
74.9302 6.74946
77.17468 13.46295
160.74958 -26.37444
253.88843 22.08045
103.28849 2.12357
52.29591 21.78318
79.07662 16.55153
329.80573 3.37645
81.73931 14.43882
236.34107 14.94722
299.40708 43.51326
77.15239 13.63209
209.76527 33.18605
78.87676 15.95896
181.05077 -11.70195
328.19379 13.31509
76.04549 10.91324
78.45857 16.58456
77.51619 16.51644
75.99888 11.67457
71.44036 17.68993
71.93138 12.40847
81.19303 14.77573
122.92303 -3.29589
79.98836 13.85946
78.4776 15.94105
71.83164 15.51241
104.66497 23.81292
83.79582 13.19003
150.07156 -12.27336
74.45609 11.12886
142.64659 26.52673
122.94668 -4.4456
19.32438 52.09872
123.40032 52.27052
73.94248 11.19315
281.81705 -17.5933
77.84505 19.2314
76.63511 12.92087
258.70986 46.16384
100.74846 -9.10923
297.2776 -15.92181
77.4756 11.83709
75.91261 14.94343
346.13354 -55.51383
70.91951 9.51518
245.67215 -22.72055
73.16696 17.83172
77.19174 19.61433
77.44616 16.7555
341.21724 -35.49343
148.58523 22.70153
177.29046 -20.81553
80.05076 10.32377
281.81705 -17.5933
79.39487 10.93871
311.28216 -27.83616
71.83754 16.07181
72.33987 10.38327
76.25875 52.90913
98.71917 16.42429
75.19637 17.32725
33.62509 -40.76907
82.15889 11.18828
79.09376 19.50898
182.07129 -15.31645
103.58251 1.39727
264.99528 51.24569
205.72851 30.36616
74.1138 13.62366
69.82072 16.12696
274.65511 54.10491
75.45686 7.92312
79.03209 17.88434
288.04232 25.30286
72.27605 14.60317
168.74261 51.19188
358.93289 73.89072
80.82802 9.31381
78.25959 18.17315
75.59135 17.39614
224.74088 12.92289
80.44858 16.35836
71.76684 13.27142
73.24253 12.12678
76.62177 12.93792
250.73443 -56.06514
75.22928 16.63717
77.75547 15.17668
78.25844 9.47328
286.38094 17.329
70.3975 13.67532
69.45427 38.65518
76.66856 7.22017
320.3032 56.98927
206.52797 32.21884
261.96005 -37.32334
264.13775 78.28058
78.72691 15.03123
55.99845 -5.67824
72.86678 15.43982
88.59862 15.76233
74.13226 11.19477
76.49308 20.02263
98.53979 -10.97651
74.7038 18.00185
74.6617 16.724
72.52602 12.07928
72.96906 12.96763
77.06756 13.57678
221.48641 -19.95958
310.94556 19.75783
72.67602 7.62358
78.80407 9.88428
206.37173 33.6073
75.16841 10.56275
217.79828 35.80871
82.51464 13.40876
74.54275 14.53038
209.07458 30.71655
207.71971 85.39194
79.48676 14.44622
75.48527 10.16352
46.20945 57.3337
70.14768 16.89476
73.60145 14.33173
42.19002 -56.53533
176.84739 75.01257
46.19654 -54.42267
70.25324 11.43245
82.24963 10.69666
35.19027 -34.92739
246.79531 11.19034
74.55033 8.93139
327.99997 -17.62183
104.68518 -60.40423
177.46304 -22.84925
71.75799 10.60929
72.71678 9.12466
71.69328 9.99015
138.83237 -16.44854
73.42971 8.72341
122.87817 31.99853
72.43279 13.43002
280.22006 59.71563
276.21878 38.74006
81.98736 17.44949
71.88436 18.84996
71.20378 10.45836
79.65084 12.58043
71.72318 12.45793
177.48995 -19.02443
76.59735 8.90874
77.61384 18.69367
147.66932 -46.49657
82.64032 12.81989
79.17483 12.20049
277.73064 27.58074
120.44391 -62.20872
10.94419 -21.497
190.82146 -28.19798
300.80214 18.51297
78.81162 13.97444
328.42726 -8.15801
75.80288 11.21701
73.43862 9.1964
72.31497 16.33606
80.93278 15.10199
288.70144 -4.55163
77.4418 11.88612
75.25343 10.43247
328.93571 60.17515
87.04635 10.30093
18.0176 -15.82835
73.50229 7.43369
78.39607 12.96405
163.23791 13.11996
75.1285 16.56057
269.36675 -31.18031
71.35329 9.44486
110.38223 -24.44772
106.75582 25.49556
98.59611 31.96608
213.15118 -45.29945
75.48527 10.16352
320.15263 29.95901
333.71817 2.71134
77.97859 14.84816
294.61302 -55.7647
268.75991 -1.6055
79.87524 13.37521
74.25808 16.92531
261.7932 63.87857
81.29888 14.92472
172.89486 -23.37696
75.22066 7.28696
269.63462 -29.15925
74.50415 17.39709
40.17116 34.38475
73.60457 10.99626
76.06353 12.99985
106.13206 22.45053
264.80833 44.57834
73.17245 20.10976
82.13508 12.11636
73.04331 8.11892
72.95364 -58.57188
326.17234 58.68771
229.82471 -17.44828
83.70425 12.2772
64.79981 5.38601
75.54039 8.16092
75.17704 13.19467
74.42563 15.45157
219.07812 -11.74314
350.41528 24.44846
12.65304 -36.80401
78.53249 13.13135
80.37293 10.80167
82.73358 12.21263
211.64492 28.65234
71.68221 16.08105
75.50887 13.42851
69.88341 16.28889
214.5263 25.64577
72.33509 16.30493
77.40775 15.99842
354.46972 24.53881
246.56423 -21.08722
79.16873 17.62165
272.33533 34.28324
79.45283 11.2887
82.93049 13.01042
79.83355 11.81086
70.10235 10.79684
214.28167 32.73091
78.26128 15.34767
79.5069 12.00174
300.80214 18.51297
82.57663 10.48256
82.12187 13.02315
73.90304 14.08078
181.3869 -54.7665
77.09295 12.78677
74.60682 15.35409
71.51474 9.81839
232.32233 -14.23405
82.53844 11.86453
77.7304 16.58578
76.02087 19.45674
92.06189 19.85964
118.88933 55.23018
72.38789 19.39477
78.84084 10.58296
80.46178 9.49001
75.37602 14.31346
77.4782 14.97262
72.56526 7.84412
82.84035 13.76677
268.41173 -28.49114
218.75093 64.78003
51.46106 -49.94032
79.67079 7.00333
74.87605 17.53304
70.77221 11.39023
221.98588 26.70482
173.98885 -15.64797
73.50995 10.94288
80.58993 8.37838
73.2573 10.71393
10.53785 40.50112
80.96007 15.10953
43.77685 -57.17082
77.30447 8.90386
74.49539 10.58195
119.4454 21.68276
340.05994 -11.4985
82.39189 16.91249
74.49539 10.58195
74.24726 11.444
79.09698 10.58208
125.91346 3.37092
74.22764 11.94515
47.74962 -50.99807
75.11678 15.47229
39.73243 29.2349
77.2386 -59.71963
75.19259 12.91958
82.63553 11.72179
253.88843 22.08045
81.02454 9.35899
143.06278 -34.58321
76.99356 12.58236
73.89816 10.50791
74.51592 6.8913
76.38584 6.32746
75.93249 16.65485
76.28124 18.29089
77.56008 13.48868
70.95869 10.98805
70.37593 12.90645
67.94152 13.36589
56.17023 -51.54478
287.95198 -69.52189
282.48954 -13.91873
87.45784 11.77419
70.69427 13.69395
83.11258 12.36242
73.51949 19.64002
75.14127 18.67184
80.09266 18.13155
79.85386 8.43218
75.05892 10.76968
72.85526 9.14077
80.69124 15.15359
129.03163 -5.64657
304.05288 -51.46078
71.27274 10.9704
48.93331 14.34304
146.88389 32.58262
251.87109 -52.90138
146.52712 49.86723
139.67128 -41.04386
224.75062 -0.2947
76.90346 7.52807
71.4054 11.99669
268.56582 39.10605
219.86213 -68.70904
213.01042 -2.17853
60.99426 3.8068
229.78855 8.08434
77.32348 19.3122
79.39397 11.3363
246.50468 10.63501
78.367 16.14809
81.59299 10.21915
71.42953 16.8203
71.35329 9.44486
77.02199 10.77493
245.04538 47.48286
245.35216 54.35434
128.07997 52.8104
74.73194 17.36479
80.36296 11.16647
172.29324 -27.78104
78.8733 19.60386
74.23506 17.64757
243.29836 -42.91686
234.51042 14.86473
76.09952 9.91121
74.73093 17.25401
76.67999 17.99282
253.62974 -14.19423
69.40712 14.91329
74.08992 10.26137
78.93727 11.65065
248.06382 66.64624
73.114 18.77652
66.68904 10.98272
79.48341 12.48692
144.33075 37.87064
97.34365 -9.86299
75.77326 6.50778
78.05474 12.02713
47.87662 -41.34818
69.82072 16.12696
71.4697 17.37988
57.96683 -52.25345
69.3239 -65.17333
74.6858 6.8997
72.43389 7.98057
81.63101 14.63931
73.39808 18.69333
75.7459 10.83017
75.10403 6.6918
79.03209 17.88434
70.4616 13.65968
76.88822 10.21625
70.54989 11.01831
318.80629 -2.92076
75.06752 11.87064
109.90724 -3.20073
77.79017 16.79191
75.389 8.05416
72.48889 8.82378
102.34143 35.90788
72.93478 11.52808
31.04815 14.08585
77.67236 15.92459
76.86991 13.34793
80.94695 14.55928
73.2573 10.71393
80.74418 11.4003
80.43297 16.56209
107.66141 -21.01388
79.98836 13.85946
100.863 26.2656
193.98992 13.23692
75.77244 18.56374
80.84112 8.68742
206.69134 25.35171
99.98989 26.33483
76.61586 13.82764
195.45385 -82.5199
77.21796 10.90816
80.6889 11.33166
81.40572 9.12162
72.46828 15.10187
214.12703 26.83381
79.09161 19.29073
132.48097 -9.67032
73.9863 9.2491
78.95728 14.01882
74.58619 10.6522
154.43765 -28.29389
251.20809 47.35154
81.2046 10.47581
79.09152 15.79232
80.24936 17.40063
81.9521 10.28813
51.97463 -50.28505
276.27361 -17.61436
157.78135 5.02601
301.07183 -9.66817
75.64407 14.23267
134.81493 15.65308
270.39884 61.66737
272.24323 5.6589
83.72613 12.80293
72.42526 7.96784
72.93325 24.35774
79.69274 15.07071
74.49933 17.58273
163.23791 13.11996
218.15071 17.28798
78.70435 12.75822
76.15143 19.69439
78.28132 18.17379
300.12454 -1.29064
251.87109 -52.90138
80.62989 12.99257
75.35385 6.68858
79.62052 11.82546
80.39441 13.0557
244.24741 -32.18328
234.56776 12.82251
332.55681 -47.96855
69.94431 14.0381
73.37771 18.74477
78.87415 16.50144
309.05357 -75.73754
277.21786 -25.58787
70.27663 9.72841
80.32004 13.09313
48.55544 -55.79751
76.5726 13.04277
107.87039 9.6839
289.23465 -2.34319
166.76827 -34.57149
73.74718 8.83378
80.07785 13.32739
80.62372 18.47594
77.66271 9.36083
341.6211 7.21242
27.94935 -40.5046
250.73443 -56.06514
216.0731 32.70262
105.31987 35.99152
79.6509 15.30878
78.97611 18.20563
79.50293 14.43623
81.13457 14.26979
317.42953 -20.83375
70.34971 14.16403
204.31771 -13.83753
240.54807 -46.92998
246.50468 10.63501
75.85536 12.95562
79.40716 10.7715
79.85715 14.99901
76.07606 13.25897
219.86213 -68.70904
277.73064 27.58074
27.7801 -10.54743
70.42692 9.78974
345.98514 10.84575
72.52469 11.11254
71.16511 9.32641
69.66537 10.31333
105.49873 24.83091
319.27444 54.28324
276.65818 11.36084
252.27127 59.32248
47.23492 -50.13301
69.71519 -56.64891
72.16176 8.16713
79.14986 14.29888
72.30607 9.13322
223.03598 -8.88729
351.84167 1.41002
80.68423 11.01842
75.2999 16.46655
170.21596 -51.35161
80.69124 15.15359
76.507 13.45626
94.64478 24.33732
71.92095 17.14324
202.77723 35.76402
79.45283 11.2887
76.49308 20.02263
351.88911 26.78098
69.76878 9.67745
79.57728 12.09288
109.7662 -16.71457
73.37904 38.46731
293.75341 16.1654
228.14045 -63.46852
78.80207 13.36315
69.30269 13.78488
78.47057 8.13334
73.94724 12.9292
247.00209 -5.65081
289.27912 -1.70579
130.65188 32.65294
80.53919 9.96232
72.79808 12.94693
215.81744 -2.52763
73.42429 12.48421
77.94558 15.15521
174.77536 -17.35063
71.32161 12.75373
253.32733 18.16388
70.78812 9.80681
77.74846 20.1998
281.0126 82.37965
69.25204 13.82103
218.87313 -40.50457
77.65836 9.07073
73.37626 8.73475
68.50921 13.3833
248.49513 34.75486
80.44858 16.35836
79.21593 -54.27961
287.37149 58.57514
80.13841 34.09023
215.81744 -2.52763
269.21713 71.29123
75.97691 19.68291
133.79881 -32.7211
80.61011 14.65382
76.43909 9.17825
108.04149 44.57666
77.18475 15.99895
234.38549 21.08881
276.22112 25.8085
79.29221 11.6333
46.24456 -46.37314
267.21723 61.04918
72.10913 17.21866
75.12025 11.60764
151.35882 35.95654
132.59319 13.7552
73.13666 11.62048
72.67602 7.62358
74.58619 10.6522
13.45534 -15.78659
82.0192 10.90069
170.51373 -19.5504
273.73658 -39.47193
78.12992 15.67408
78.69106 7.32198
83.30414 13.35928
194.2528 74.93234
137.23205 -14.70463
347.10445 20.91629
75.61681 11.39306
76.08384 8.00979
238.85649 47.08124
74.19297 -52.73594
214.5263 25.64577
54.4554 -49.89439
69.05494 13.96584
72.79874 7.59194
78.39834 12.15156
309.4349 -20.11723
71.03282 10.20893
83.40326 11.92128
75.60062 11.68733
95.62542 38.38215
73.90163 8.03777
80.27666 15.21888
81.86816 10.05858
77.68383 13.6788
71.20789 11.02727
88.35289 -75.8715
217.77244 51.02802
133.41389 71.83707
74.90403 7.20309
250.73443 -56.06514
204.61308 -20.58136
79.03781 19.38653
74.40388 14.86112
77.9071 9.55133
73.37771 18.74477
76.74286 13.05333
106.14833 10.16235
261.42793 57.71659
228.14045 -63.46852
76.53241 20.37813
1.3791 -4.32098
218.15071 17.28798
79.29455 12.6274
82.92078 13.98593
79.83355 11.81086
70.73595 10.98955
71.27591 10.77283
227.30349 51.39451
114.28114 27.52448
70.10235 10.79684
77.6531 17.07309
104.07604 32.76296
82.48693 -52.02918
77.47721 19.03753
266.05552 -12.12178
120.44543 53.31005
79.57519 18.96771
203.53877 -18.38577
77.00796 12.98527
79.246 13.69152
81.83905 13.03779
74.16686 11.71043
314.63917 53.72709
275.41139 6.07085
77.63349 12.13853
119.56432 38.72676
74.23269 12.50541
202.13873 31.13427
221.71652 -13.93193
154.33809 -55.52893
80.79764 8.47197
79.53972 13.78927
73.64493 12.63923
74.30564 10.20012
78.66806 15.9007
76.06712 19.0262
125.86056 15.22604
44.72122 -51.37977
251.73609 48.38682
73.24044 12.43412
234.56776 12.82251
77.35144 10.09763
69.85238 13.44295
12.40758 -20.13798
77.64116 12.09596
51.55828 11.54171
75.87463 16.60325
78.81162 13.97444
81.1662 14.53726
79.01712 11.19167
80.13841 34.09023
83.46183 14.58774
82.52933 11.78199
133.86499 -59.30136
129.0842 18.19302
156.37974 -45.98861
335.53726 26.53439
76.07194 9.5933
55.91524 -82.35676
206.01638 -26.62048
138.93411 -61.16767
214.25329 23.04731
75.49897 7.46967
274.0878 58.34897
142.80364 45.37156
76.04453 12.91325
355.45725 -3.02227
73.49392 18.70795
176.35044 -59.43598
79.07164 11.27915
259.59339 -51.58774
128.53772 -50.96109
89.99137 9.69708
76.6968 20.43826
82.50797 10.56558
283.88751 30.52487
83.31751 12.19643
78.86026 11.8369
341.18993 25.98051
77.9071 9.55133
81.20831 19.98353
78.39834 12.15156
73.37771 18.74477
78.85639 11.54709
77.75575 11.23122
177.11309 -26.33885
273.09687 58.03595
68.98012 14.48974
64.96653 47.88909
3.255 2.07095
5.7202 -3.47203
130.15305 -45.51002
83.42371 16.6718
2.23753 -2.00271
3.39212 -7.80957
76.30269 6.93915
359.90973 1.94743
1.25239 3.26551
2.60875 2.30259
354.19802 -3.48341
358.65154 -3.36874
358.10757 -2.88066
3.04491 -2.19528
74.78993 7.24455
5.19691 4.15919
82.11766 12.48135
6.32391 -2.79425
358.41967 3.9868
1.30538 -2.03545
76.13477 9.15365
6.4233 2.8314
3.77138 -2.52892
229.39967 -50.37343
1.90945 -1.83872
287.36784 -8.41018
2.70141 -1.95829
71.10178 17.26662
74.29882 8.74621
0.84018 -2.13238
357.51786 3.64468
1.76466 -4.63415
0.90149 -1.96921
0.80182 -1.50438
2.38132 -4.70081
0.38505 -2.37051
3.42241 3.14652
99.71137 21.54151
2.81609 -3.95413
76.84314 7.61078
1.7258 -3.49568
3.44844 -3.25093
3.71589 -2.58508
77.17571 13.93908
134.72297 44.80076
76.67999 17.99282
355.84555 -2.61394
359.2052 -2.75757
2.94995 -1.46086
6.24423 -3.05586
357.98566 -2.44687
358.34879 -3.6861
1.49223 -3.75748
73.63689 9.12489
358.36627 1.16043
1.9081 -2.5967
3.21922 -1.60348
70.11329 12.43136
3.72559 -2.34193
2.29896 1.35832
0.19829 -1.41918
2.48555 1.503
2.10725 4.41151
0.68522 1.10716
1.92632 -4.99338
69.4411 13.05368
190.02773 47.76871
77.11923 7.5826
0.19366 -1.83305
82.18878 12.00369
71.10178 17.26662
354.63831 -2.13155
358.47146 -2.87675
5.69405 -4.7921
1.91895 -2.71366
1.41436 -3.35396
79.90117 18.01445
357.20042 2.13355
73.65455 14.31582
3.83406 2.33632
2.09502 -4.29901
0.96071 1.30314
74.29882 8.74621
359.87916 -3.59183
1.90665 -2.63192
80.24936 17.40063
359.70884 1.57062
82.11766 12.48135
82.42453 12.0197
6.29904 1.38194
2.10264 -1.65646
4.80749 2.09122
359.78034 1.84567
71.17442 16.75809
1.27713 -2.5505
340.69768 -42.07383
358.3995 1.89547
3.509 -5.14684
1.64069 -3.13158
6.76186 1.91343
1.47384 -2.97281
72.6919 11.58428
358.61588 -4.43046
72.6919 11.58428
48.62762 -49.40152
1.89895 -2.91396
2.49423 -4.6143
0.36012 -2.41644
3.65449 2.98611
359.79137 -1.89004
357.56175 -4.13618
2.61115 -1.71979
80.42779 8.53647
2.6247 -1.83687
2.58566 -3.54923
4.80724 3.13548
199.1055 -12.89566
75.55812 7.45973
79.2337 14.49447
77.47076 8.93878
135.00951 -56.779
292.00804 61.2665
171.58123 -29.57966
81.14917 9.78928
75.89964 8.2812
82.59443 12.74966
74.98872 50.45641
76.24955 13.78052
71.83506 13.74892
185.82097 62.2333
122.13453 -56.46186
71.80378 8.35401
359.85149 -1.57666
76.7663 12.31008
275.46822 -26.88106
70.17289 15.11288
74.15853 10.11879
26.02156 5.98199
133.02426 -56.30748
84.33493 13.06442
313.5829 55.91096
107.92271 -24.33642
76.56528 13.29978
71.20067 11.86338
78.51337 18.6639
75.11189 13.59083
109.49387 -3.18494
78.24464 10.21207
71.5641 10.97902
298.93443 11.31345
75.15847 6.72415
81.16841 16.24171
334.79486 -75.33975
78.29647 16.64683
81.7411 12.87628
73.14702 14.72413
73.619 14.54712
268.1186 62.0702
80.09807 14.97247
281.0126 82.37965
279.10045 15.54215
305.84592 27.25014
79.4828 14.07858
79.68526 15.39583
39.9332 -52.6322
75.93709 15.05947
76.28323 10.05381
273.41568 -31.03364
221.87205 -15.18304
296.84098 57.47166
92.7646 -35.57552
70.40788 13.05555
259.27385 58.5071
125.83275 -42.52809
78.62698 11.9571
79.49374 11.69927
84.07015 1.00774
354.07234 40.02208
76.44075 18.04902
351.4365 17.01404
80.03172 7.66324
47.88612 -49.02284
78.16899 12.42904
106.04263 26.62379
83.99267 13.28087
75.1612 8.23109
54.0417 -53.41599
317.34866 49.05579
80.28908 14.57061
281.0126 82.37965
73.68234 15.75379
74.65839 11.8821
79.74475 15.47621
71.50909 15.17842
77.41261 11.65774
51.96923 32.1149
224.79281 -44.58147
171.41182 52.55065
75.87463 16.60325
74.96655 13.65714
128.82965 -55.44818
96.29363 7.12331
74.50788 11.97106
74.25808 16.92531
71.32111 12.69293
72.02081 13.29617
73.30113 8.84735
76.22779 18.23391
115.11108 -58.2406
73.50378 7.53576
75.33486 6.02307
210.8191 -4.18491
77.61218 20.25106
203.33391 -16.15719
95.32486 -12.02398
205.99222 -1.54562
255.48818 -28.19633
83.93458 13.53223
83.93458 13.53223
300.04152 21.98007
27.26359 11.13651
52.17526 -1.21527
76.34485 10.1981
74.25808 16.92531
199.1055 -12.89566
200.68451 0.11002
180.02116 -17.42723
14.61325 -47.99934
355.06999 -3.58099
72.60483 11.95055
76.34485 10.1981
204.70286 41.32122
242.20046 37.60951
290.7713 -0.74262
237.69566 -66.2377
74.89413 59.44282
25.15299 0.66631
161.55108 -31.09476
161.55108 -31.09476
293.79011 22.54309
296.65359 -14.90929
82.30359 12.15252
78.15286 16.51686
81.82493 10.24166
43.6525 48.78301
211.65797 -15.71602
115.1667 -31.43019
115.1667 -31.43019
133.79881 -32.7211
80.37016 18.81834
15.62553 -29.40279
15.62553 -29.40279
0.67004 2.33357
74.86914 6.44039
249.5859 -12.614
231.64806 67.52286
355.19966 22.96885
52.00313 -59.63511
82.78543 17.366
79.0074 8.92007
268.81455 -30.34064
219.06694 16.80047
27.05066 37.67784
45.07267 -71.20906
52.00313 -59.63511
274.22551 38.5392
79.0074 8.92007
79.0074 8.92007
282.54664 48.59416
113.00653 32.63799
83.21827 13.78271
83.21827 13.78271
55.652 35.56176
245.08569 44.7158
35.41749 4.71959
210.42057 -5.26125
69.40712 14.91329
69.40712 14.91329
311.30973 75.41367
311.30973 75.41367
325.41034 -8.44094
325.41034 -8.44094
245.08569 44.7158
76.91718 12.54674
76.91718 12.54674
77.24526 -25.71773
86.18537 -47.03849
288.39931 -3.34519
331.36717 10.95094
337.02287 1.70153
340.79031 -6.46352
252.78676 37.86975
77.26281 15.13411
77.26281 15.13411
24.00289 -50.21556
295.97556 51.00899
295.97556 51.00899
290.90669 -0.63069
234.56776 12.82251
70.01625 7.55713
274.64523 22.22073
304.86901 -37.14415
201.4173 17.44627
74.1138 13.62366
4.81028 -3.50129
331.57931 -32.85802
321.7019 -55.90336
133.73361 22.64801
80.47826 18.08721
350.82178 -11.64851
242.23398 -15.67381
293.92489 -48.35566
192.22932 23.40613
77.30341 16.67763
72.60483 11.95055
268.81455 -30.34064
268.81455 -30.34064
213.22759 -0.89847
215.33882 -2.10712
5.41027 -52.1276
270.20525 -42.56321
313.03727 -8.17016
194.41535 18.39436
77.86464 9.98768
65.02085 45.2323
23.40997 33.0215
245.84326 28.2507
245.84326 28.2507
120.79104 -42.3953
70.38182 7.98072
37.74453 5.926
37.73014 4.94113
78.5199 8.17058
78.5199 8.17058
78.5199 8.17058
357.11306 2.92661
89.60271 64.52011
67.07416 -61.11327
187.21879 17.19879
75.85191 14.1188
307.19384 -4.06586
74.87605 17.53304
75.59975 5.97338
24.53129 9.63976
262.77663 -45.32001
262.77663 -45.32001
1.68335 54.544
80.94435 13.01505
80.94435 13.01505
204.04525 50.24481
262.77663 -45.32001
303.56064 -2.78202
255.71201 -44.50181
219.40614 30.9192
83.30414 13.35928
75.41102 12.04501
72.03695 8.78533
71.75799 10.60929
75.76884 10.68732
76.1613 8.13328
80.91089 10.10838
223.004 31.58211
70.25469 9.43386
82.06217 10.70429
74.43727 17.84364
76.1613 8.13328
76.1613 8.13328
23.65252 45.33887
23.65252 45.33887
75.76884 10.68732
76.1613 8.13328
76.1613 8.13328
79.37647 12.35796
74.92557 10.31441
76.22605 7.98316
70.84335 9.79009
79.87071 10.01236
82.06217 10.70429
78.9546 12.01771
351.84167 1.41002
76.22605 7.98316
76.22605 7.98316
82.13508 12.11636
73.08205 13.31439
5.44967 -46.01534
351.84167 1.41002
79.26947 19.25567
292.80268 -8.07541
78.78512 12.26418
77.8255 16.24184
82.4858 -23.02991
75.0375 18.69539
38.26267 -7.29102
79.26947 19.25567
1.52164 -1.65488
77.8255 16.24184
81.14899 13.81924
75.0375 18.69539
75.0375 18.69539
230.89636 66.45634
80.8515 -16.17689
265.23833 76.7974
75.59975 5.97338
73.14702 14.72413
77.48226 11.99414
75.0375 18.69539
77.48226 11.99414
80.68879 16.43629
131.74451 4.2186
29.07673 19.95
81.86816 10.05858
81.50262 11.67615
76.00967 9.58157
75.35385 6.68858
73.114 18.77652
352.25846 16.21234
260.68043 -0.18559
83.30414 13.35928
180.95024 5.70825
80.87004 17.29263
72.56961 13.41465
72.56961 13.41465
75.7459 10.83017
298.21871 6.58881
74.87605 17.53304
71.83506 13.74892
73.9995 8.07033
80.87004 17.29263
28.10432 44.78011
352.67855 17.80321
35.89455 6.39649
83.11258 12.36242
83.11258 12.36242
83.11258 12.36242
220.31205 -53.41461
82.06935 17.47072
354.25134 -76.39546
353.70701 15.9897
73.25046 12.21177
78.26193 19.77727
78.46058 19.83985
80.09807 14.97247
80.07785 13.32739
71.44115 9.64684
76.12806 9.2575
73.53715 14.46537
73.34339 18.16052
80.338 10.66734
76.70486 10.75802
73.9863 9.2491
79.53972 13.78927
79.77512 13.79022
73.18543 14.56786
76.6968 20.43826
74.37222 8.29409
79.98836 13.85946
83.99267 13.28087
82.64379 10.76951
71.92848 10.45298
82.45718 11.74957
83.40326 11.92128
71.44115 9.64684
69.97316 14.47665
71.83506 13.74892
71.32161 12.75373
75.0185 7.37141
79.88642 15.06379
73.14702 14.72413
70.48314 17.24444
73.54712 10.86393
71.19269 12.60684
76.12806 9.2575
80.82269 13.83649
76.12806 9.2575
70.84335 9.79009
78.26557 7.52261
72.72786 7.7195
79.45806 11.65227
76.83914 16.23218
76.70486 10.75802
79.50293 14.43623
71.83506 13.74892
75.11189 13.59083
77.21796 10.90816
80.77053 10.34936
76.40109 9.25285
75.61681 11.39306
77.52235 13.09727
71.51474 9.81839
70.37852 14.57646
81.90697 11.13965
71.83343 13.46754
76.21619 17.64003
79.12551 11.26477
72.26222 11.23653
77.25979 8.85504
69.05421 14.28192
77.76651 20.14233
77.88787 15.64895
81.50262 11.67615
80.79764 8.47197
77.06755 15.85796
71.27591 10.77283
77.82088 8.91719
71.83506 13.74892
75.61681 11.39306
76.21619 17.64003
79.00786 13.17723
80.96007 15.10953
75.50719 10.29406
77.02616 10.63645
76.22446 9.31915
77.65836 9.07073
77.9071 9.55133
80.95199 9.68715
78.64292 14.98246
76.04453 12.91325
80.61347 13.5173
80.09004 10.77346
74.92557 10.31441
76.8224 15.64277
77.02002 12.89296
77.95395 17.20394
80.44858 16.35836
76.76629 10.44221
79.87396 14.53536
79.85362 14.09794
77.11923 7.5826
77.77232 8.27018
80.09266 18.13155
73.51949 19.64002
73.26258 16.04522
70.66924 9.30796
77.88787 15.64895
75.05181 17.5388
76.88818 8.63544
81.87731 9.70399
81.53022 12.43657
73.85816 19.05505
75.61222 17.29955
71.19269 12.60684
74.40417 12.02527
69.40595 9.90063
78.25942 20.34266
74.0723 16.8434
80.36831 8.83576
72.14748 18.68909
82.84035 13.76677
76.5661 15.81604
76.53023 6.53422
72.46721 18.62824
73.59209 11.43915
71.50909 15.17842
73.9863 9.2491
76.34485 10.1981
71.60688 17.34751
75.39446 13.96113
82.91642 14.06137
69.97316 14.47665
72.02081 13.29617
75.35385 6.68858
77.51619 16.51644
81.84308 16.48159
71.83164 15.51241
70.66924 9.30796
75.35385 6.68858
78.12992 15.67408
74.64383 14.34264
73.39808 18.69333
76.88818 8.63544
72.31271 16.2214
76.04453 12.91325
75.05892 10.76968
76.56618 12.0424
79.85386 8.43218
81.90697 11.13965
83.72613 12.80293
81.36992 12.48273
74.72154 11.97179
75.2999 16.46655
71.0526 17.2836
73.24044 12.43412
70.48314 17.24444
79.05757 7.52969
75.91261 14.94343
77.9071 9.55133
73.51645 19.58672
75.65661 14.04353
77.80798 11.95556
77.2472 13.51221
79.40697 10.75408
79.30454 12.25592
83.13776 11.20876
80.40251 13.0873
70.48314 17.24444
80.80071 13.51572
72.26222 11.23653
70.78812 9.80681
70.25469 9.43386
81.7403 16.74464
75.50719 10.29406
78.12992 15.67408
82.64379 10.76951
72.746 11.16571
74.33875 10.12709
81.59299 10.21915
77.24742 10.89836
79.13395 16.24521
71.03282 10.20893
81.11486 16.18136
80.09266 18.13155
73.64493 12.63923
81.73773 9.07311
78.25942 20.34266
71.92848 10.45298
71.92848 10.45298
82.1743 16.44236
74.54275 14.53038
71.44115 9.64684
75.56386 10.52882
76.5661 15.81604
75.22928 16.63717
75.42939 9.80545
78.58093 13.1131
77.06755 15.85796
73.50289 16.42408
73.30625 15.54303
77.38633 11.61671
77.80798 11.95556
78.26193 19.77727
78.35687 11.07277
80.37293 10.80167
80.79764 8.47197
75.93297 8.22729
79.09376 19.50898
73.9863 9.2491
80.47826 18.08721
81.53022 12.43657
75.64407 14.23267
81.60929 10.44986
73.37771 18.74477
70.89567 10.37328
81.98736 17.44949
74.95576 12.99462
79.00786 13.17723
75.7459 10.83017
70.54989 11.01831
73.85816 19.05505
71.19269 12.60684
73.41902 7.26637
79.5885 17.75101
72.746 11.16571
75.99132 5.96067
75.99132 5.96067
79.05757 7.52969
75.65661 14.04353
82.1743 16.44236
70.95869 10.98805
80.03966 15.72041
72.26222 11.23653
78.20628 14.89907
74.54275 14.53038
71.27591 10.77283
74.64383 14.34264
75.05892 10.76968
72.1976 16.03463
76.21619 17.64003
78.97779 17.34816
69.97316 14.47665
72.54342 9.28857
72.52885 15.13516
80.338 10.66734
77.02002 12.89296
76.92011 21.12868
70.89842 10.31603
69.88341 16.28889
73.42971 8.72341
79.4828 14.07858
75.2479 9.73401
78.78362 18.18766
81.14899 13.81924
70.89842 10.31603
70.9923 11.15868
71.83343 13.46754
74.10843 8.34737
72.79154 15.00096
72.31271 16.2214
79.30454 12.25592
77.5999 15.924
69.05421 14.28192
78.45857 16.58456
71.56815 9.32128
71.56815 9.32128
77.09593 12.83567
73.94724 12.9292
83.15616 12.6227
71.50909 15.17842
71.50909 15.17842
73.99484 9.45945
77.77232 8.27018
73.203 14.86746
75.56386 10.52882
78.35687 11.07277
76.53877 15.7141
74.71852 15.33905
75.22984 7.65134
78.6651 12.60394
77.2472 13.51221
78.87415 16.50144
71.50909 15.17842
77.95395 17.20394
75.41102 12.04501
74.32823 14.22116
79.85362 14.09794
80.10231 14.23776
75.56386 10.52882
83.30414 13.35928
73.89816 10.50791
77.95395 17.20394
73.50289 16.42408
74.11519 14.94551
79.40697 10.75408
78.39607 12.96405
70.37852 14.57646
76.24058 11.54633
77.8255 16.24184
79.97327 11.87083
77.52235 13.09727
81.16841 16.24171
74.33875 10.12709
74.82498 11.75702
74.71852 15.33905
77.82088 8.91719
77.76651 20.14233
81.50262 11.67615
80.96007 15.10953
75.69361 7.89379
75.39446 13.96113
77.02616 10.63645
79.45283 11.2887
71.12598 10.2143
73.01937 7.63044
75.11189 13.59083
73.25046 12.21177
73.25046 12.21177
74.87605 17.53304
79.88642 15.06379
75.61222 17.29955
79.5885 17.75101
69.96483 10.84034
71.12598 10.2143
75.69361 7.89379
74.32823 14.22116
75.60062 11.68733
77.02002 12.89296
76.53877 15.7141
77.10962 -79.9618
2.69543 -1.52073
72.65879 11.87482
72.57481 12.02393
79.95374 18.383
305.02208 10.37061
190.11761 29.09234
81.73182 17.6898
81.73182 17.6898
216.62648 53.92308
216.62648 53.92308
319.09478 -65.53602
229.05935 -38.10438
352.8905 22.03031
79.57854 7.23801
355.58019 -3.78643
355.58019 -3.78643
301.00794 -8.64016
79.57854 7.23801
252.45343 -67.98402
17.37913 -19.62467
72.3236 13.43665
75.71488 7.67792
79.12533 16.11474
79.12533 16.11474
80.78005 9.39004
75.52223 7.36124
359.63064 -3.92442
359.836 -3.21385
74.36798 19.18908
80.78005 9.39004
94.11916 12.74223
80.63315 13.48812
72.3236 13.43665
74.92809 7.48242
81.69761 14.32619
143.06278 -34.58321
74.36798 19.18908
74.36798 19.18908
327.40195 -42.79818
14.08379 -21.46173
234.21914 -33.03266
191.41044 11.46926
78.7526 12.92101
358.36 -2.62011
79.57854 7.23801
79.57854 7.23801
359.92169 -3.45246
76.89172 13.31738
292.80544 -55.69407
292.80544 -55.69407
80.6199 8.20087
69.19995 9.7193
80.63315 13.48812
168.29963 29.3298
359.94991 -1.68315
292.80544 -55.69407
71.82344 15.8353
79.75961 10.23403
74.2274 10.52134
83.79725 13.4167
74.94273 10.34452
74.94273 10.34452
74.78908 18.57615
78.5199 8.17058
73.36096 12.89062
73.36096 12.89062
73.36096 12.89062
36.01305 6.24131
36.92336 6.45872
78.04679 19.67348
79.00897 19.07517
73.36096 12.89062
124.73557 13.94549
224.11351 -21.24572
9.65538 -39.38269
80.93539 16.96458
143.61792 -7.80173
210.55638 74.57238
180.62567 26.93448
83.79725 13.4167
73.08205 13.31439
77.7304 16.58578
82.57663 10.48256
71.25802 18.59302
353.2136 50.89111
188.78409 8.89777
40.51938 -19.00928
72.21386 8.60743
75.22984 7.65134
72.1976 16.03463
74.72154 11.97179
74.71852 15.33905
76.24058 11.54633
257.61692 57.15621
268.74194 63.14101
79.90117 18.01445
81.6927 11.3594
77.5059 16.80645
76.85693 17.83658
73.0559 8.97802
80.42341 18.40736
76.27255 12.15844
71.93296 8.45513
72.4778 13.4628
164.50146 -27.54962
78.8664 7.74266
73.21539 14.96283
77.46634 9.81856
73.97975 11.78814
208.67365 18.9095
300.65384 32.19228
74.98872 50.45641
74.98872 50.45641
81.14899 13.81924
73.91733 18.67711
72.58052 14.5822
130.55561 -23.36944
152.17845 -26.98024
207.45808 57.99257
70.20931 9.21589
75.89955 16.11418
77.2932 14.07649
329.49816 -25.61517
99.3068 -69.41004
2.2026 -3.69455
70.85949 9.53998
70.67881 9.77228
76.2434 13.70333
109.90724 -3.20073
54.91727 25.744
335.53726 26.53439
69.29811 13.02028
71.20838 8.90471
176.68976 -15.98175
335.53946 26.53496
70.68283 10.06049
70.79123 10.25091
73.35435 7.47643
74.17444 19.02783
74.17444 19.02783
136.18028 -59.47876
120.76211 -11.52565
69.25204 13.82103
73.61865 19.30376
73.92797 18.46832
72.03315 13.35484
177.53178 -8.39006
160.16347 49.12363
237.49768 -1.18976
78.21693 16.58248
77.13885 13.54734
76.2298 17.46217
269.75814 58.53482
206.23529 21.75667
69.74208 10.39195
76.4007 9.56351
73.07163 8.48096
71.84571 11.57965
124.44019 -27.86735
202.35935 -5.59129
1.76466 -4.63415
78.28462 7.66243
80.84283 13.73198
77.2941 10.37133
249.00212 70.27244
206.52768 32.74444
77.28825 10.62831
76.15481 17.57513
76.5148 16.05709
102.97517 40.62573
85.7629 -22.07634
76.67999 17.99282
73.69945 13.68998
75.10988 6.95002
69.44907 15.52074
72.30493 10.25746
110.64326 12.4137
148.03067 16.21302
73.69945 13.68998
75.09507 15.37324
75.93811 13.45143
81.12202 13.71305
79.6461 17.55834
108.79873 67.33047
108.79873 67.33047
266.61925 65.10211
20.03137 -37.08329
79.90117 18.01445
79.90117 18.01445
79.90117 18.01445
74.18899 16.1661
79.30359 16.14187
78.04972 18.13436
70.24259 13.55144
72.30998 9.11103
72.28336 8.96715
69.42083 12.821
71.01226 9.89663
76.08667 18.06408
71.58933 10.08152
78.44535 13.16131
79.49597 11.18255
76.40024 7.41391
76.37255 7.85166
69.30269 13.78488
70.73595 10.98955
80.68512 11.53087
76.12355 9.9075
76.60594 10.44943
73.90076 15.55426
76.78743 14.60416
71.61836 10.66077
70.29069 14.65459
69.3739 15.46273
71.95093 18.29325
73.25742 15.17564
77.70822 14.92486
72.62475 11.43428
77.79338 13.91322
72.52276 11.73741
72.35059 16.02646
71.53877 18.4911
80.05076 10.32377
73.57004 18.24539
74.09094 17.02092
72.41955 12.16325
73.0188 13.04075
73.75122 15.51824
74.30404 13.89008
71.79245 11.88425
74.15272 16.02543
82.50044 17.11103
78.05534 15.7215
83.10163 16.47821
72.31699 13.90881
71.19357 16.60734
80.72461 16.84644
78.96035 19.49697
83.15478 13.45017
76.92475 8.54287
75.78378 11.30666
73.8928 15.91092
81.95569 14.60315
80.72494 18.3846
78.35018 15.1024
72.14102 13.15584
75.08255 13.81149
69.90191 16.51184
71.99772 12.11568
77.87146 15.4529
76.55358 10.408
71.90119 13.00518
79.99859 15.84318
79.46009 12.25527
79.90214 11.99897
74.07265 11.25011
73.98536 11.39157
74.45145 10.45904
76.80766 17.77788
81.54711 12.17701
78.21119 17.85951
79.99619 12.46341
79.9693 12.38563
75.4807 10.08954
76.37063 10.0603
79.40697 10.75408
82.16423 9.92543
82.16182 10.57656
70.54028 15.59932
76.54074 10.5023
74.02528 10.42657
75.09507 15.37324
79.09161 19.29073
82.33495 10.73672
79.19783 19.10488
75.97794 7.74149
73.25895 13.28303
82.13273 16.87545
81.86131 18.21762
79.56585 19.1495
74.28654 12.06911
73.78894 14.84869
72.29321 18.00052
74.83213 13.25619
75.7052 6.59625
72.0342 15.81674
75.3306 10.65054
74.29744 8.674
77.54123 8.44029
80.4453 9.96035
78.04531 18.27833
79.18303 15.92719
75.39413 16.28111
71.54789 10.11457
79.43033 6.80177
75.73922 13.64629
75.9239 14.64718
78.09855 11.22776
75.01611 17.95838
78.83189 11.61179
79.20378 10.77201
75.54157 14.30978
70.04349 10.72143
80.07995 10.40755
78.80407 9.88428
81.06648 16.58282
81.29598 16.02462
78.93727 11.65065
78.63308 18.00509
78.04933 15.41495
80.69553 9.44424
70.24138 10.3349
80.34362 18.81793
83.34317 12.66062
70.5319 13.13621
76.2677 20.21553
76.25233 18.18179
77.63359 15.78425
81.27691 8.37228
81.73967 17.25221
70.40593 10.84999
76.58475 11.99354
70.37703 13.61425
79.31186 14.91275
71.73068 18.82283
80.84977 15.17883
76.01081 20.30579
78.17734 14.9255
81.29698 11.05005
71.11967 12.15552
78.44582 13.39866
79.95208 11.84256
76.75649 9.81139
79.34112 16.23311
73.81762 8.68466
76.36321 12.51187
77.97968 17.17443
80.55238 10.81847
72.81371 7.86789
78.2628 9.37412
74.34554 12.3889
78.04201 11.53556
82.82162 12.03359
76.31734 12.53992
78.63822 11.53493
69.83524 13.95171
81.68567 10.63302
77.35651 15.77372
79.94816 13.93621
76.82303 9.52805
77.00583 18.99813
78.59578 15.69417
83.20069 13.81149
71.09401 12.64356
81.73423 16.76238
78.87682 15.68043
76.01846 17.19133
75.50893 11.05732
77.26857 15.2527
71.68221 16.08105
80.97663 10.29547
71.15265 9.6585
78.48205 16.90892
78.90961 16.33314
73.6759 11.49987
72.45315 9.64965
77.56359 9.57788
78.81109 14.14281
77.78923 19.68957
75.67795 11.055
82.24447 12.52682
70.0806 13.29173
80.24006 15.59047
76.10545 9.41182
75.19741 16.64256
81.68674 10.23657
78.16154 16.82074
74.29503 10.41212
82.10329 13.74396
83.02035 11.86823
81.56379 13.98632
79.29328 17.37407
76.12959 12.21294
82.34944 13.44212
74.36726 12.30128
81.00863 16.30795
80.85082 16.63901
73.02863 18.89889
77.04273 9.6939
76.83877 12.19619
76.13159 13.73979
76.66971 13.79347
78.64493 9.96408
79.59565 9.04999
75.19311 18.46206
71.50234 10.92346
73.07163 8.48096
70.94977 16.30468
76.08521 14.82277
77.94098 9.53918
79.76901 12.17061
69.20767 14.28248
76.97284 12.51696
79.89817 14.34968
74.29522 9.26258
71.35665 16.25525
70.26775 17.14732
76.47638 18.17536
70.71355 16.56523
74.069 13.46382
82.81438 12.60425
76.53669 6.44509
74.23928 8.81353
72.47679 17.99014
74.37632 10.10439
82.15527 12.91225
79.48787 11.98841
81.4737 12.35941
82.42034 17.06557
72.26875 16.42227
82.09998 16.82071
71.36435 15.34854
82.1475 17.80411
74.55274 8.67095
78.23617 14.72074
83.18755 13.96267
77.61173 16.76274
79.92744 18.9896
81.84303 10.96452
76.87489 15.94425
81.1983 14.59844
73.49975 19.21154
72.7837 20.17847
81.52687 16.88243
82.01835 16.9924
78.91187 18.61756
72.07908 15.64284
75.12712 8.18427
77.31702 13.03191
76.20242 5.94739
76.07529 17.11485
80.18131 18.89697
82.761 10.85325
75.73032 13.21299
75.40427 6.20238
74.41823 11.84948
76.18255 9.43327
78.96242 18.59368
80.17765 19.14384
77.59939 20.66047
72.08629 11.60884
72.27105 11.64822
70.44927 13.34685
75.15464 14.95975
73.59131 13.79639
76.49717 13.10236
71.67921 16.83471
80.30664 11.05935
72.74433 14.81853
76.74948 14.29626
77.09588 18.40058
79.06848 19.19561
73.11924 12.26247
79.5069 12.00174
82.37845 11.93253
80.45898 10.28553
74.19149 14.80444
80.05924 6.52188
68.23301 13.67698
75.54375 7.82395
75.88873 13.01204
82.04089 18.12452
74.11429 17.07616
68.29791 13.53624
81.88152 15.69368
72.38708 16.90728
76.33824 8.97851
76.18608 9.40712
75.2555 16.81761
69.2523 14.9037
69.881 15.11355
80.16669 10.15481
77.98305 12.28194
75.11442 10.93544
78.10615 10.41831
80.12419 17.50958
81.9511 13.24667
79.05989 11.0467
77.4418 11.88612
69.33061 13.51035
78.14023 15.94461
72.83394 18.00328
73.31959 18.91752
78.61724 8.09036
82.07475 15.38605
73.56001 15.86929
82.65749 11.74736
82.3911 12.96444
75.07597 9.54253
71.46339 15.32601
79.1295 14.52651
69.84201 14.69768
76.10194 14.78911
71.38452 9.4126
69.25204 13.82103
76.15849 19.80583
78.70435 12.75822
77.18644 9.38662
80.88058 11.81075
79.2337 14.49447
71.79245 11.88425
71.36235 17.55405
70.86873 9.55665
80.70911 10.61623
73.09059 16.03365
73.09059 16.03365
73.34563 15.15491
73.23628 18.65971
72.746 11.16571
71.37602 9.84658
78.21119 17.85951
79.45768 17.14845
79.5069 12.00174
80.30664 11.05935
81.47085 14.41171
72.47789 11.44223
78.39287 10.79186
82.38685 17.54933
78.30327 14.44144
76.71693 7.73748
73.72695 7.56416
74.55066 11.42713
83.16548 11.53869
79.23022 18.59367
71.47973 10.36849
71.86863 8.63764
71.7217 19.39739
75.69521 11.78455
77.54455 15.4861
82.72414 12.85959
81.92215 14.53543
75.5098 7.04077
70.4559 16.73832
78.26085 19.68363
74.836 18.44477
83.98627 13.47297
80.12385 17.5225
68.89582 13.25875
76.01241 7.64744
82.70924 11.56055
79.15824 17.75311
81.61237 9.12251
81.43624 12.70334
80.66655 10.13498
75.42234 15.9877
72.0034 8.46212
75.35254 7.9012
75.93397 16.7223
81.43624 12.70334
78.50148 18.35056
76.89169 15.45036
75.81527 11.56277
80.85211 14.63665
77.19174 19.61433
82.52933 11.78199
76.88152 16.18961
81.56932 11.30521
76.75288 12.73691
82.92057 12.20039
83.23303 11.50532
73.28745 7.79131
70.51465 10.10013
76.89558 19.46173
76.57712 15.94386
71.69945 10.26621
74.72154 11.97179
74.98391 19.05989
70.64665 10.66531
75.48527 10.16352
81.54711 12.17701
77.55482 9.06503
72.14102 13.15584
74.02528 10.42657
72.63515 16.49202
74.14976 15.218
80.05008 15.00864
69.59786 12.87652
79.246 13.69152
78.35619 13.20021
79.17135 17.88953
77.67236 15.92459
70.31149 10.1721
76.25245 9.34988
76.67 18.9943
72.26499 13.4044
78.86875 16.2847
78.91187 18.61756
76.25532 11.36968
79.20915 8.93302
71.13919 11.19905
78.93826 16.44589
76.08913 20.01227
73.9989 9.25568
79.14407 10.51126
69.46155 14.99461
71.68488 12.40577
72.16683 11.34838
75.302 9.89614
71.616 16.85567
75.01958 17.50929
71.83822 8.64059
78.33732 9.82378
79.63594 7.29669
73.06923 9.64892
73.65092 8.58677
73.75813 12.93483
73.4308 16.17228
71.56598 12.86404
74.30564 10.20012
78.49828 11.08565
71.62551 15.29828
72.76119 8.36644
79.55824 18.57532
78.03515 8.77976
71.38766 12.88246
74.17127 10.15154
77.83275 15.82723
78.20628 14.89907
74.59769 7.45831
81.2566 16.35841
80.54011 15.37282
75.86883 14.3873
70.9172 12.14032
71.79761 15.11555
74.04734 17.33785
82.10187 12.13118
74.6998 16.90627
72.3834 16.07247
74.60654 10.65046
79.96768 18.61192
75.76022 10.76301
73.33499 12.55055
78.15062 16.93521
73.92797 18.46832
78.04646 15.20358
81.93065 16.64527
81.20839 14.68579
80.92025 16.3802
70.76413 17.12319
71.06491 16.24557
73.38461 7.95133
71.67209 11.78036
81.3597 17.63876
81.42213 17.4135
72.75932 11.93508
70.55188 10.65199
74.16649 10.06814
71.11017 12.70663
73.15953 8.57962
78.0981 11.27466
73.4972 9.85104
77.62192 15.67191
75.19718 6.71527
82.93231 12.24637
73.3545 8.26063
71.1961 9.57319
80.41883 18.12873
80.34362 18.81793
77.57698 13.61034
70.79731 17.17283
74.56571 15.66341
79.00786 13.17723
79.84006 19.14605
75.06765 13.56034
75.50289 19.43843
69.5175 14.2412
78.15314 11.76093
82.40526 10.13197
77.3352 16.02217
79.07172 15.80935
71.12808 14.44585
70.17366 9.24991
81.66089 14.18038
81.56853 14.73259
78.73876 16.31601
78.91187 18.61756
74.28379 14.90333
74.05044 11.00115
73.30625 15.54303
71.80378 8.35401
73.11839 13.40611
79.26918 10.68975
76.79525 6.71348
71.60711 17.38918
77.33801 16.42143
81.16841 16.24171
78.36431 12.6107
79.78237 10.1788
79.07662 16.55153
75.63245 10.60971
77.72618 8.92018
75.82258 19.27721
69.76804 15.17632
72.70578 19.0988
77.47459 11.49583
77.81928 14.58257
73.44989 13.13184
76.97308 10.63796
69.79641 13.3096
77.73591 13.42439
73.60082 7.22013
70.37703 13.61425
82.0602 11.06907
73.62573 11.44523
74.99672 18.58164
71.89137 17.08228
76.0723 15.06382
74.14976 15.218
76.88378 19.2323
80.24708 10.59153
76.15849 19.80583
70.99508 17.13914
75.79691 17.366
77.98371 11.62186
78.90147 18.51516
75.41525 16.99071
81.63717 10.67286
72.70897 20.19416
76.36694 10.06318
75.99435 11.50324
77.02616 10.63645
76.28547 12.10534
73.09059 16.03365
75.81741 19.52171
78.74817 19.22697
72.03315 13.35484
78.46264 7.37548
74.4939 15.96032
71.30223 10.52293
78.27565 15.03
76.62996 18.762
73.89376 12.92363
75.97216 8.94975
78.45346 19.93538
80.03172 7.66324
78.15281 11.06917
77.20416 19.5912
77.32189 19.08852
75.96328 8.9447
75.78138 13.52399
78.7025 8.28944
76.43372 14.84182
77.02592 13.48226
77.37763 16.31317
78.09236 14.73989
71.78308 18.40861
74.82489 11.63797
74.83195 16.41182
77.85752 11.79362
77.2472 13.51221
80.58117 10.44242
80.5095 10.55253
73.61151 14.24356
73.74999 8.26713
74.85588 11.88448
76.24955 13.78052
74.29026 9.30881
80.26885 8.15389
75.89955 16.91068
77.61857 18.81941
69.75527 14.51069
74.78088 17.38113
75.58833 8.46248
78.04243 12.42579
75.77244 18.56374
73.86962 14.91811
77.20505 17.05193
71.5646 16.7796
74.2159 14.83951
71.28544 16.82858
72.4343 8.36975
83.01587 16.18623
75.31275 17.15588
83.27634 17.04643
74.25482 11.29385
78.47948 17.6986
79.29355 16.21038
81.96749 11.36229
80.05008 15.00864
82.7112 10.68424
81.99268 12.47127
79.88566 18.00113
80.81553 16.7005
81.16841 16.24171
76.03582 7.98928
48.93602 -57.17935
78.30285 19.5804
211.19186 32.82069
82.59658 14.01054
79.49209 18.59261
80.28251 19.08773
261.1438 53.17264
175.58174 -27.51381
171.58123 -29.57966
318.87693 46.522
83.31207 13.20027
74.21755 11.72466
262.91176 61.77713
261.1438 53.17264
166.55171 -30.831
168.79229 -28.46409
18.25721 -15.17249
82.20314 15.66892
83.54705 12.91313
260.18944 54.74227
262.91176 61.77713
171.03018 -19.32486
195.0388 -17.02221
195.0388 -17.02221
82.34558 15.45125
82.90377 16.00793
215.56882 31.86855
215.83597 31.84602
81.32513 10.02398
75.35176 8.24842
1.31847 -2.27435
84.38215 13.0598
82.77499 17.33766
0.19492 3.0665
0.19492 3.0665
74.08669 7.85257
174.63465 -29.93683
169.54805 -23.20116
160.61794 68.91636
83.45219 16.84784
76.28323 10.05381
79.82831 58.02919
74.08669 7.85257
287.05452 -21.30677
195.0388 -17.02221
349.65854 -20.57244
261.48531 53.45096
266.19266 61.27399
74.08669 7.85257
74.08669 7.85257
201.80435 16.44195
258.9287 56.17437
258.9287 56.17437
49.97279 -52.23321
289.98899 19.13693
279.71955 -43.3667
68.68938 19.63191
160.61794 68.91636
76.8781 6.81805
114.20277 1.62237
44.72122 -51.37977
48.55544 -55.79751
195.0388 -17.02221
65.80767 4.62728
47.23492 -50.13301
47.37604 -48.95754
173.07319 -73.4424
173.07319 -73.4424
51.46106 -49.94032
5.19559 -19.48704
320.25244 37.0577
49.71413 -49.91405
51.1829 -51.35123
285.86339 -64.9435
310.22075 -46.11619
1.94444 -2.27454
359.60721 -1.98134
259.72931 17.78428
347.45078 -21.13143
359.0454 -4.05729
203.48237 1.86373
83.20997 42.78368
82.45902 13.5651
3.59785 -2.90361
176.61237 -29.48306
48.93602 -57.17935
51.46106 -49.94032
354.42038 23.10048
26.56133 -33.28171
81.74667 10.64959
78.78638 17.97201
81.54221 11.62171
80.29149 15.40995
81.14548 14.7035
342.28699 -28.57624
173.7466 -51.60268
205.77785 32.48411
46.05986 -17.29285
75.59227 -8.9423
346.88498 -22.61865
352.99471 18.27513
316.08925 49.16582
332.9417 -30.1993
321.26759 47.92235
109.90724 -3.20073
140.47052 23.77558
285.59227 58.15001
281.12173 60.53641
175.87462 -27.133
322.08712 52.18797
73.37692 14.57345
109.87526 2.34353
61.33593 -53.19847
61.33593 -53.19847
223.54147 -41.61299
270.15662 59.55577
150.61272 19.30989
164.84079 -27.12163
174.74941 -19.71256
61.33593 -53.19847
174.74941 -19.71256
3.34702 23.67715
3.34702 23.67715
3.34702 23.67715
1.98694 -1.73756
321.26759 47.92235
314.63917 53.72709
275.90766 -61.95722
62.58916 33.53751
185.99827 -69.01004
37.52335 4.66217
315.6756 53.64648
16.19347 -19.33571
239.1018 -14.90957
237.62132 -11.43574
185.99827 -69.01004
254.63265 62.57509
47.69523 -47.84963
128.01885 -62.35258
16.19347 -19.33571
80.8515 -16.17689
212.34455 10.37353
206.43154 -27.47443
212.34455 10.37353
24.36018 -7.57187
24.36018 -7.57187
82.20459 45.46907
126.76197 -61.43447
119.48925 -62.23569
61.33593 -53.19847
223.54147 -41.61299
28.63696 -70.22813
239.24083 -12.80521
122.84333 -56.02528
2.15075 -2.71853
70.10235 10.79684
287.81848 27.09909
210.01238 11.13398
122.90808 -54.0042
122.90808 -54.0042
358.6906 -3.70602
151.47681 -32.3093
88.75118 24.70122
129.07585 -52.5008
299.6881 54.34518
359.8782 -0.32907
0.41781 -1.34501
102.71473 53.81036
126.58855 -63.0179
126.58855 -63.0179
176.61237 -29.48306
140.12745 48.29956
359.99627 -2.47579
3.30299 -3.2402
117.61097 -55.46917
45.05421 -53.03644
45.05421 -53.03644
263.28467 43.23793
64.41837 -22.63172
78.91292 0.24852
77.22891 8.2103
286.09667 58.16279
47.92889 -51.9848
270.09987 -42.00943
269.32522 61.57342
301.5875 38.43228
40.58713 -64.93107
255.23272 29.40593
196.64026 -71.4477
196.64026 -71.4477
217.41185 21.40542
124.68489 42.57306
13.88354 82.97723
324.17725 -5.25392
54.84095 10.37371
61.29711 43.28357
343.47641 -1.2319
236.50396 -15.30712
284.8222 -31.15296
218.3854 -43.7651
333.38496 -9.75953
333.28825 -10.02581
267.19806 -14.09439
291.21692 -77.33534
265.3722 -12.86035
166.7966 -28.05348
5.03368 9.98244
50.39671 29.86597
155.26292 33.91958
260.68043 -0.18559
223.26522 -17.86
227.12097 -34.76468
143.08388 -16.64016
350.73899 -6.72629
20.13786 -20.00635
297.80252 52.68541
100.75436 -69.84117
40.94007 10.19103
167.42908 44.31146
243.59017 51.77727
243.01044 -21.83176
166.96554 62.73556
210.53871 -63.65019
226.66477 -65.14654
155.08853 -57.95664
293.11643 55.61276
292.35223 55.65723
65.99249 11.69384
60.96214 -3.92282
181.25553 51.38017
79.84865 17.8079
310.40299 -60.08347
155.01832 -23.46286
190.92869 44.53647
85.77535 85.54996
91.36113 25.35738
243.59017 51.77727
29.45803 -44.42343
76.75338 -28.52705
318.43652 28.76954
329.23463 38.09725
337.50306 -42.11036
285.17361 57.739
343.71918 -55.07162
331.29531 -53.10239
216.7964 -53.92335
268.16257 -59.18287
232.00021 -27.62676
232.27915 -10.52264
81.75683 -63.15191
343.32023 -72.18128
272.91855 32.53156
343.8913 33.6394
343.8913 33.6394
359.80543 -2.78697
108.54273 -68.03566
64.17496 18.61112
9.6545 -39.37856
101.68984 -13.45694
288.7508 61.0068
354.25134 -76.39546
196.26285 -25.61699
309.86547 -60.47939
322.30706 39.24434
202.73799 11.65314
346.51303 59.87255
108.96346 -18.43512
63.93673 22.14911
250.2936 70.02217
253.57668 83.62475
312.08414 5.65692
282.34972 63.43666
280.19801 54.85278
296.49384 52.60405
289.32884 57.38029
293.57789 60.58522
295.2137 59.97066
297.15142 59.36883
211.79644 28.67982
213.12817 64.14605
210.38123 -4.4686
324.40165 48.89736
276.98925 35.90172
324.44756 27.92221
322.04583 50.016
14.08223 82.4285
212.37415 -1.74447
247.5592 16.65605
10.73402 17.80138
80.67491 -53.68469
186.97531 -12.64088
323.85074 54.88181
2.26178 -45.39233
337.65749 74.0991
287.59509 52.22842
335.64057 -26.54746
245.04538 47.48286
245.04538 47.48286
94.35425 -71.88689
242.17426 -42.91487
30.61159 31.49074
348.05236 27.59946
245.04538 47.48286
272.1532 39.26999
255.07786 -23.41484
84.6144 30.17327
347.17359 -6.31279
222.08862 -46.47071
48.99978 -58.32068
133.49358 -52.84098
307.55664 15.3979
51.79261 -76.62822
14.39883 -16.32996
348.05236 27.59946
75.08304 -15.08562
181.1789 -11.58155
201.65994 33.44489
324.8363 -51.65503
207.80483 -60.00474
47.13028 -16.493
80.67491 -53.68469
80.67491 -53.68469
80.67491 -53.68469
15.35571 -15.5115
65.21072 -72.66598
53.56524 -27.63577
41.79357 -55.291
260.19288 16.52291
21.4425 -36.02854
13.73298 -11.7431
0.93679 -1.4842
138.29282 -12.26466
124.8456 -62.06908
75.08304 -15.08562
217.62487 32.24587
19.45003 -13.40289
213.15088 30.02227
0.55685 -2.06591
0.38314 -1.50874
251.41253 52.9432
349.99931 19.20525
213.091 31.22796
207.78938 26.8561
243.30951 -15.84807
300.82877 -58.18845
208.78206 38.12775
162.26717 66.29729
266.98341 61.74645
214.28167 32.73091
75.874 17.24014
201.1281 29.84642
205.51379 36.91396
201.65994 33.44489
13.88354 82.97723
77.89242 12.17757
209.21548 -72.57899
186.31902 -55.8753
349.50145 31.08201
345.04347 27.06963
169.99958 -28.64052
317.88455 47.15133
289.11701 63.78688
282.91232 54.24973
296.49384 52.60405
285.45308 53.13179
354.63158 21.27273
322.75465 50.98859
20.76224 -42.95001
224.6733 -57.2719
224.6733 -57.2719
223.38845 -35.15345
223.38845 -35.15345
175.58217 -26.34917
265.15647 -21.53947
135.69851 -14.37306
224.6733 -57.2719
236.62565 -18.07374
236.62565 -18.07374
72.56961 13.41465
68.98012 14.48974
206.37173 33.6073
279.23027 -45.82079
279.23027 -45.82079
70.34971 14.16403
143.09688 -21.55688
72.51658 8.55004
124.23545 -0.49786
40.91076 -51.71337
319.18229 -75.89807
337.2469 -51.44875
2.26337 -3.1186
298.32215 9.76096
53.9463 -30.34854
254.63265 62.57509
308.19408 30.77939
75.61681 11.39306
310.11149 15.02765
119.16987 -41.53458
339.89168 -1.56882
334.96858 6.27404
298.83397 13.69998
276.27361 -17.61436
218.71677 -0.48127
271.64987 37.18456
212.71679 -83.16196
5.66045 -30.03255
273.9419 -46.48356
283.68658 30.87451
189.67935 -56.78937
232.28858 55.10278
178.39109 56.39325
275.54618 3.18529
318.11482 7.20951
278.80477 -42.28983
218.07385 20.30811
174.75407 -14.0676
174.75407 -14.0676
257.52693 -21.78048
54.00797 -88.32478
243.87782 -14.62598
313.5829 55.91096
313.5829 55.91096
278.31843 56.94662
258.19387 54.82399
257.61105 -1.67291
2.1434 -2.04368
75.50723 6.67033
90.75762 32.5891
285.15815 64.0901
262.91176 61.77713
246.32433 -45.36507
80.24936 17.40063
262.89727 51.36053
243.87782 -14.62598
80.24936 17.40063
312.10146 -46.63356
222.78554 26.20647
206.52797 32.21884
189.96459 -19.66114
149.04363 -56.88631
186.5429 -13.02961
316.58254 47.50561
104.28761 70.27803
1.12106 -1.12049
253.96174 23.13623
80.00709 11.66115
318.24947 -43.90616
352.62682 16.53234
169.54805 -23.20116
289.87654 -41.17624
289.87654 -41.17624
272.90839 -48.72408
223.38845 -35.15345
359.58581 -38.58794
1.04163 -2.0354
50.77372 -18.71284
116.69017 -18.44687
1.04163 -2.0354
358.8755 -5.42183
345.11043 34.30816
228.68876 -11.79597
77.80764 8.5398
76.89558 19.46173
345.11043 34.30816
345.11043 34.30816
80.18831 18.78346
80.71768 14.34495
296.35814 -49.90031
296.35814 -49.90031
296.35814 -49.90031
79.32401 7.76339
344.40348 51.37116
78.276 10.93841
283.04795 -32.81145
285.34053 -23.1643
75.23947 17.39498
76.6116 9.4666
73.23628 18.65971
0.63345 -2.63572
75.49897 7.46967
78.27209 15.36009
78.46058 19.83985
75.14127 18.67184
41.59543 -47.14354
250.6186 22.2152
0.83633 -2.02265
359.87875 -1.94559
68.74978 14.02188
79.40642 12.36714
152.16702 61.62913
93.97098 -41.15454
28.83441 62.92644
75.49689 16.72431
75.54383 11.28757
72.26462 16.15714
76.6116 9.4666
75.23947 17.39498
78.45857 16.58456
81.2566 16.35841
73.05327 18.95671
80.42965 10.18663
279.70959 -69.32147
282.35871 -38.83332
80.05739 10.24589
81.52267 10.1103
74.45609 11.12886
80.93278 15.10199
72.54413 7.84665
80.46622 7.9355
82.32309 15.41574
215.35863 -19.05301
215.35863 -19.05301
76.6116 9.4666
76.01846 17.19133
283.20965 -29.14463
70.08397 12.91169
290.36745 2.98047
75.49689 16.72431
73.41902 7.26637
79.73343 11.487
216.96953 -33.72746
284.88498 27.65117
309.95254 -60.44212
73.31632 15.58121
287.37115 16.22854
4.66003 -4.25075
337.20575 -79.01555
92.23763 -72.63944
328.94467 39.0081
215.8726 -45.26015
56.66204 -22.17916
80.49322 32.34312
72.93478 11.52808
354.76443 -0.28464
151.4597 31.87904
54.81552 -4.97654
318.06196 19.20844
306.49947 -2.30153
20.54287 -1.35959
240.54807 -46.92998
20.54287 -1.35959
240.54807 -46.92998
289.06331 -32.93009
301.58794 -41.88837
358.94105 -2.1401
0.03925 -2.75739
298.93443 11.31345
311.21577 39.43782
72.42374 9.38916
80.88667 14.44265
261.10589 63.11979
264.16473 25.74431
74.44132 15.04776
74.70457 17.385
260.8805 61.14782
93.40166 -3.18125
74.4723 6.90783
80.30239 9.74522
98.59611 31.96608
221.97775 -46.1886
75.76637 -59.8217
357.28914 -84.10376
80.31086 15.44414
80.30239 9.74522
291.48636 74.2865
0.05347 -50.42638
252.72353 46.06148
198.37152 67.81292
75.04428 6.78475
74.93061 13.13633
132.20025 -73.09965
242.4005 1.29682
215.92197 -19.34353
268.60754 -18.67478
70.97329 16.7544
149.22209 44.35805
299.26888 -61.77586
40.44072 -3.28372
42.24615 24.29465
357.28914 -84.10376
1.84965 -1.67021
20.77828 -72.59431
130.48557 -40.89459
4.48128 -51.45057
71.37765 9.5162
78.73432 8.46112
304.27626 23.09689
128.14176 -37.00328
357.28914 -84.10376
300.69263 -55.32527
318.14918 1.77774
295.69143 52.47382
29.48523 11.1881
82.01382 16.61049
71.24425 10.34205
2.61007 -1.82023
359.19193 -1.9744
70.90471 9.24415
209.71654 -2.39199
73.08366 14.07622
71.6846 15.04164
254.10791 -37.23123
0.11105 -2.01831
240.62906 15.55381
313.65698 -11.44948
357.28914 -84.10376
52.29591 21.78318
358.38853 -3.31375
72.93478 11.52808
73.9027 14.73466
73.9027 14.73466
5.10081 -65.95709
64.21591 -62.23886
64.21591 -62.23886
149.84929 29.36828
122.10241 49.87644
287.37149 58.57514
96.1144 -14.71496
72.81394 24.92402
172.29324 -27.78104
155.26292 33.91958
321.8192 43.14733
264.52903 -54.676
279.02972 20.70965
74.39563 21.73083
205.79387 32.92129
214.18022 32.3837
130.17165 15.4832
311.98055 47.98798
319.0805 47.45593
302.97274 -33.38439
302.97274 -33.38439
106.14833 10.16235
212.37147 36.95589
213.80335 36.79663
205.27646 35.67859
322.41694 50.09504
0.54581 15.80164
150.04883 6.3006
94.0548 19.63991
205.9637 38.67456
290.83817 51.87879
74.61404 -16.11822
0.54581 15.80164
0.54581 15.80164
211.54865 41.24964
285.58634 61.20318
123.91754 -54.87207
193.55233 -28.45082
78.0353 18.21023
206.9914 32.12682
205.36595 36.71614
175.42689 -43.1678
115.00859 5.43873
291.77668 26.25398
75.89407 6.05858
216.0731 32.70262
330.23401 49.04154
129.88845 -56.07199
194.28568 -10.06986
216.0731 32.70262
194.18797 -59.89292
230.32938 -28.13706
322.41694 50.09504
214.18022 32.3837
321.8192 43.14733
202.77723 35.76402
209.82242 25.84832
330.23401 49.04154
256.5319 56.81595
205.23994 32.19544
296.49611 -37.81231
296.49611 -37.81231
82.10119 -10.11937
215.64764 27.91033
213.0547 26.567
69.71519 -56.64891
69.71519 -56.64891
69.71519 -56.64891
94.64478 24.33732
216.0731 32.70262
209.82242 25.84832
123.91754 -54.87207
308.31538 -38.91481
0.10007 -1.47521
290.15667 -39.12815
207.9912 29.41388
210.66771 34.7715
206.47017 26.44954
48.06541 -54.37586
290.07159 69.70561
204.48349 35.48996
69.71519 -56.64891
96.73653 77.27192
64.21591 -62.23886
64.21591 -62.23886
40.17116 34.38475
51.96923 32.1149
52.29591 21.78318
202.77723 35.76402
191.79495 34.66122
209.82242 25.84832
279.10045 15.54215
228.91531 -60.18401
75.64356 15.91971
78.2408 12.9805
215.48946 27.75424
201.71923 45.58561
1.30262 27.34301
74.68894 9.85217
73.20287 19.80508
75.6941 7.7254
75.16183 18.33269
206.39412 31.59064
72.01795 8.21752
79.75107 19.13301
79.70836 7.78099
80.59844 7.93149
73.42561 10.83253
208.28299 32.03739
206.8287 32.44357
77.20386 14.17954
71.61723 15.80052
82.43381 17.50627
210.36881 32.90877
210.18832 25.31595
72.02363 9.85538
75.69421 16.09948
82.32839 17.70472
82.60779 13.6471
82.91864 12.72337
208.19438 35.51836
211.16645 29.69965
75.6866 10.93874
71.21319 15.80738
80.13824 6.888
80.50295 17.54556
72.9793 15.57169
209.30743 33.9644
206.52056 31.96885
82.71749 16.13825
74.4723 6.90783
70.81439 9.91962
82.69101 11.94451
72.69782 18.62728
205.62196 32.11222
203.78125 29.53205
80.8305 10.20264
74.67765 6.70075
71.62046 15.86299
78.76895 7.3123
74.61491 8.98213
204.79384 32.01486
205.82396 34.58078
69.3932 9.71021
71.90027 11.59203
75.42234 15.9877
70.99476 9.23418
71.39829 9.25314
205.82396 34.58078
258.09213 -51.95852
77.41317 8.0739
73.87137 19.1859
80.36156 10.86924
75.96531 17.18501
68.2551 13.56848
1.99138 -1.48807
357.88886 -3.04022
81.68178 11.44772
82.46656 13.45418
122.41166 39.45894
69.95216 10.8059
72.8198 8.28475
77.47324 8.73059
78.11453 9.63471
348.34536 32.32096
74.88508 8.99914
72.38085 13.42586
77.96982 10.31965
76.36597 20.70764
75.65841 7.93344
75.31275 17.15588
76.70756 15.5631
82.56605 13.71756
74.25854 15.22309
80.99304 11.45268
42.94366 -49.1871
48.06541 -54.37586
280.60948 -31.0579
279.10045 15.54215
355.23654 7.67253
328.46185 -31.99284
54.62427 -11.48747
76.29601 11.3814
73.83352 9.60609
83.42936 12.3128
75.38908 13.0741
77.03021 8.92496
80.09266 18.13155
73.68708 10.97438
91.79265 -69.04549
77.66929 11.41339
76.03582 7.98928
72.32859 18.42396
76.17636 8.99929
71.25232 10.79194
145.25709 57.416
248.36614 19.14777
267.26323 56.79861
73.89554 10.45737
75.34626 11.47224
70.87455 11.24254
78.49856 16.90289
70.46256 9.85916
75.79426 10.74701
103.3849 31.347
87.78375 -45.01501
79.6509 15.30878
75.89627 10.98346
72.31497 16.33606
75.37524 8.34989
78.79138 8.06131
149.72351 -78.75503
75.99577 14.6904
73.63905 7.4719
73.38556 13.19653
75.02689 14.96701
70.0941 13.66878
81.90592 9.3646
1.19166 -1.61034
77.57112 9.15634
76.00835 13.84545
75.59236 7.74278
77.39378 16.02266
71.30223 10.52293
75.30043 12.86619
79.2028 8.76729
69.94017 16.20448
71.44489 15.69956
70.79118 9.7134
79.9197 6.55518
79.9197 6.55518
149.72351 -78.75503
76.68361 12.70037
79.6328 11.93494
70.43639 14.45986
78.21119 17.85951
76.17667 13.00944
189.41356 15.03799
51.90862 27.63035
74.7042 11.05566
77.23693 13.52226
76.57912 6.48429
75.35266 11.7864
73.08062 18.9742
279.70959 -69.32147
253.3171 -0.49479
76.43207 20.97129
76.43207 20.97129
71.00921 9.39733
78.30027 7.63779
75.70415 18.05317
79.65053 12.12381
71.27937 13.08704
82.38598 12.91794
77.39076 13.32569
81.17623 11.63223
74.17444 19.02783
221.9558 -47.10702
69.76532 10.19281
75.63965 19.70716
76.44426 13.90365
200.48712 -58.07573
73.97075 7.53267
80.66458 13.65905
325.90163 20.09936
305.29688 21.43298
83.8604 -58.48637
71.48672 15.42338
74.8161 11.28253
80.41883 18.12873
72.95336 14.74734
1.40867 -3.73064
267.02928 58.39355
73.52817 7.19207
77.64775 10.70294
73.29961 12.91726
76.76315 10.23146
78.98964 11.69033
78.87078 12.31498
73.14367 13.11269
71.86779 13.82184
75.59135 17.39614
79.26853 7.28213
250.2937 -13.32514
240.91689 20.62174
272.53757 -37.18491
146.91654 -70.05717
75.95588 42.88825
358.85814 -4.09097
133.21362 -50.97688
70.07924 15.86374
70.07924 15.86374
17.17948 -12.69181
175.0829 -50.0642
16.10079 -7.54107
345.58112 34.47507
16.13135 -13.78589
280.67988 -38.73361
47.88612 -49.02284
212.73798 37.75937
212.73798 37.75937
200.65632 36.47336
83.82219 -54.94703
273.5046 70.71215
138.93411 -61.16767
138.93411 -61.16767
103.55005 7.03023
355.96935 -2.99704
56.66419 49.59735
138.93411 -61.16767
355.16562 22.29893
118.49488 54.63193
330.29727 53.29188
71.14123 -14.66339
359.37612 -2.09312
80.49987 32.3198
122.48371 -56.99964
138.93411 -61.16767
132.4843 -55.45458
47.88612 -49.02284
178.25572 -25.29268
25.647 53.59997
76.64503 -66.17747
213.62961 27.59317
213.45214 30.59304
93.97119 48.62777
93.97119 48.62777
258.09657 -17.33308
76.97927 -66.12882
205.29926 33.07586
258.09657 -17.33308
258.09657 -17.33308
209.36326 42.32614
78.2799 -63.84131
237.89791 16.64313
244.78968 27.07122
207.81493 -11.12207
148.61097 27.88329
181.74418 -19.03751
237.89791 16.64313
103.42009 32.9746
292.50808 -29.77608
340.05994 -11.4985
247.80615 50.97268
183.30951 -9.06294
247.80615 50.97268
344.82551 26.05405
79.01876 11.67426
287.28411 54.50662
277.3048 35.10611
238.74447 46.54575
342.3074 30.70086
289.119 44.81839
281.02942 52.0254
297.90095 -20.84697
65.83323 17.01545
33.40059 -7.00809
241.94699 53.68828
252.451 55.3433
185.11257 65.43126
273.40948 -36.91434
185.11257 65.43126
344.16455 26.87929
240.07252 52.01163
327.11621 54.08446
210.62958 -59.23645
344.16455 26.87929
6.09788 -4.30367
172.81975 -13.44593
351.16485 -28.2351
176.63155 5.80798
102.02812 47.25803
1.85329 1.9868
358.32047 1.46136
214.33741 -29.22647
214.33741 -29.22647
154.38952 -0.8123
158.55829 15.59205
0.2661 -2.71306
0.36661 -2.99212
3.2946 18.26324
3.2946 18.26324
302.48808 -30.12306
205.59383 -36.93078
267.36972 -39.73385
258.36341 -30.61167
73.37904 38.46731
177.65593 2.20726
311.46398 -79.00849
71.64737 68.40106
228.61506 -18.44091
228.61506 -18.44091
317.42953 -20.83375
353.51966 3.08419
357.6251 -6.21906
124.71484 -11.52915
236.81489 -20.73806
222.42686 15.41735
130.65188 32.65294
236.81489 -20.73806
141.49962 17.58668
226.75388 21.88046
69.16849 46.94447
164.956 -14.60813
278.8418 -6.91046
279.8541 -23.40952
98.57856 -39.14311
221.98588 26.70482
190.98319 45.10696
69.16849 46.94447
339.10272 -9.54226
321.5814 -66.38756
127.80884 35.06048
254.68749 27.86969
302.69417 -5.55411
320.40161 -50.99819
339.10272 -9.54226
121.00202 53.47917
269.21713 71.29123
353.51966 3.08419
331.38949 40.39538
331.38949 40.39538
38.57804 -12.37095
267.48348 -71.49206
261.12208 -46.53883
86.15965 49.84741
342.01145 50.31505
321.5814 -66.38756
307.99356 3.82372
121.00202 53.47917
287.43448 -23.51453
252.31433 -12.7706
223.57898 9.35843
93.08627 35.08164
94.26579 -39.01348
92.85957 -23.3194
339.10272 -9.54226
15.63799 72.66307
155.32706 -60.26284
306.57222 -19.26305
2.67804 -28.65534
3.68683 -8.4711
238.38719 15.19213
60.57666 67.2894
356.03012 42.11025
196.23222 -32.58617
205.59383 -36.93078
235.69993 -40.50413
44.60924 -4.30987
44.60924 -4.30987
28.02639 -43.7286
315.03364 21.58307
267.36972 -39.73385
270.09987 -42.00943
269.335 -64.68633
359.94098 44.34952
337.16094 12.98895
226.75388 21.88046
28.02639 -43.7286
74.19297 -52.73594
214.13004 -47.04317
321.5814 -66.38756
347.1134 -35.69138
155.55181 -10.9002
94.26579 -39.01348
270.09987 -42.00943
2.81609 -3.95413
214.33741 -29.22647
101.44139 26.17781
112.0229 -22.44783
195.84135 -48.05487
275.57855 -28.60732
275.57855 -28.60732
191.80875 -49.20245
191.80875 -49.20245
334.41024 78.30331
262.90636 -15.97961
244.68607 -45.91141
158.59822 63.55725
226.91411 -44.9483
82.46119 48.17377
226.91411 -44.9483
245.24126 -56.09164
265.30823 -13.54873
277.0269 -44.84798
275.46822 -26.88106
72.65358 26.06047
277.0269 -44.84798
277.0269 -44.84798
7.17935 1.70909
355.11792 -1.37183
164.94013 42.66615
230.37429 -18.65813
277.0269 -44.84798
99.98716 17.72195
92.44529 -67.73033
349.62852 22.1208
349.62852 22.1208
0.23449 -1.33358
99.98716 17.72195
147.86957 65.72032
3.83406 2.33632
128.17449 24.05938
60.99426 3.8068
99.98716 17.72195
313.85994 -34.67202
313.85994 -34.67202
75.44299 59.50499
75.79314 16.30536
69.05636 14.85137
308.7308 17.83244
26.28216 6.28959
6.62779 -4.33653
206.08078 -46.73229
196.46252 -5.68168
273.92807 -53.27814
282.5716 21.0893
4.08658 2.25801
216.69969 11.87747
166.84171 -81.61466
2.5721 -6.15518
127.50137 18.35224
358.11234 -2.54313
41.69494 -44.278
359.84241 -1.82089
359.42174 -3.59284
206.08078 -46.73229
69.534 -13.20303
1.00041 1.3525
355.84555 -2.61394
41.69494 -44.278
359.50386 -2.42159
1.53767 -2.07668
273.78291 2.27829
0.15599 -1.95679
75.10743 13.17249
2.65873 -2.80007
233.49822 -3.40997
3.01617 -2.4566
75.10743 13.17249
93.74413 11.70382
5.4377 -3.02894
210.62473 86.49645
114.232 26.86877
190.1461 -27.59176
275.46822 -26.88106
336.931 29.77712
336.931 29.77712
125.71643 9.62112
137.83209 -4.93371
142.80364 45.37156
302.09461 -11.72233
251.73609 48.38682
342.07898 -8.6634
12.01411 -40.46332
33.62509 -40.76907
154.33809 -55.52893
69.45427 38.65518
346.15058 -20.75401
359.88389 1.88177
135.57433 37.96972
135.57433 37.96972
1.15451 -2.26818
220.9805 -31.77457
304.67123 49.90019
220.9805 -31.77457
277.34362 15.24205
74.44856 1.17139
359.97133 2.13546
125.91346 3.37092
210.10377 30.65614
80.69124 15.15359
63.19043 -34.67876
0.39585 1.82651
46.52106 35.33721
289.77763 60.81426
216.49965 39.62439
69.85644 13.33672
76.26675 6.42466
355.5703 -4.68579
357.07727 -4.59238
354.64312 -2.29867
226.70991 27.99859
77.25546 11.49947
72.32578 11.87795
254.97594 57.73789
296.14549 -33.63672
69.4411 13.05368
173.69037 -32.1709
234.94387 -59.62729
345.70961 7.95099
286.68054 51.82615
80.19878 -56.5953
83.14184 11.64093
324.42967 48.1527
276.38676 -22.48281
281.66473 2.86438
53.48367 48.92412
80.19878 -56.5953
170.97857 -23.55083
313.7951 -80.21632
2.33912 -2.91757
81.72606 11.23255
81.72606 11.23255
268.56582 39.10605
268.56582 39.10605
357.75697 -3.36945
199.69949 -70.45622
287.43448 -23.51453
115.11108 -58.2406
80.69124 15.15359
1.29152 -2.63928
182.77821 -60.77779
53.48367 48.92412
264.98752 55.25008
69.4411 13.05368
216.49965 39.62439
2.71258 -3.16846
312.13301 47.13485
285.98704 -10.14464
248.83207 -52.70009
73.37692 14.57345
277.70079 22.03395
286.03584 -17.86379
81.72606 11.23255
282.7301 19.60977
140.91663 41.71685
157.38273 -13.8523
264.98752 55.25008
264.98752 55.25008
74.43727 17.84364
79.43306 12.6169
306.90565 43.55866
9.60421 -26.77237
152.77829 36.58395
60.26767 60.17839
248.83207 -52.70009
76.48359 20.43475
356.41218 -50.30085
162.7089 64.37164
224.91107 25.83571
74.43727 17.84364
76.48359 20.43475
248.51284 -12.6327
297.27124 -59.97416
0.65841 2.32524
185.2858 -5.98612
359.33831 -3.29115
0.74299 1.26803
174.77536 -17.35063
272.24323 5.6589
232.20234 -18.48101
181.24794 -4.77532
349.16814 -46.34872
270.2851 53.25718
313.48326 -38.44079
121.59773 -1.62965
106.75582 25.49556
316.2728 -43.90561
65.74238 17.21933
76.29345 -32.02111
223.81459 73.83285
335.91879 -36.35873
314.43361 -10.93111
258.28249 -43.59053
319.96733 13.14448
174.22741 46.07492
57.01463 51.04132
19.82504 -3.78099
78.48019 37.48188
314.43361 -10.93111
314.43361 -10.93111
303.78445 59.31575
47.81277 -9.85535
18.16751 6.97417
154.15204 -30.24022
135.41792 -34.80236
314.43361 -10.93111
81.34803 -57.18299
282.47686 -51.24171
337.16094 12.98895
277.9167 28.50517
18.16751 6.97417
169.94418 -54.44177
281.0126 82.37965
281.0126 82.37965
160.29013 -37.03132
199.69949 -70.45622
223.97369 27.66991
113.38302 -86.96771
201.08807 55.8766
188.98784 51.42094
175.46435 -16.63607
289.6044 61.09684
120.28313 -7.88298
12.65304 -36.80401
142.69396 51.60326
264.98368 -46.1432
341.21374 -29.07595
65.02085 45.2323
147.04613 -35.05762
84.07015 1.00774
49.35353 -66.67115
51.67711 44.52161
94.51584 34.73235
351.51546 32.19557
76.0392 -27.75212
294.10016 36.50272
276.63257 1.53233
219.66063 -16.96484
259.27385 58.5071
99.90191 39.47188
223.03598 -8.88729
90.16373 60.6447
65.8713 24.73031
254.20063 36.30503
6.26325 70.04109
268.76577 -34.55037
169.94418 -54.44177
268.76577 -34.55037
65.8713 24.73031
130.85829 -29.55538
60.50165 -22.3345
351.44971 -61.47915
185.82097 62.2333
119.9169 70.91835
243.29836 -42.91686
58.69121 -21.9748
119.37115 41.83496
273.97516 -45.0649
251.12166 47.67505
172.89486 -23.37696
160.29013 -37.03132
174.48697 -55.24995
177.59682 -19.92339
71.20067 11.86338
357.78514 2.27948
82.549 27.54691
126.32086 39.91754
1.64781 -1.53209
313.48326 -38.44079
305.50863 66.24818
357.85153 -2.89904
354.62769 -2.268
289.14624 48.69912
115.40542 -78.05159
286.65584 40.85838
80.15038 15.05008
73.50616 14.33019
82.33516 10.40509
83.15282 17.05061
2.84032 -3.67445
81.96373 71.22464
123.40032 52.27052
173.81805 -13.5638
165.11109 50.75922
293.31 -30.37768
69.24911 6.82064
117.87387 20.86147
123.40032 52.27052
329.19937 -15.20447
198.4566 66.38538
200.48712 -58.07573
78.99024 11.71993
123.13008 -49.79317
49.35353 -66.67115
78.99551 12.41248
257.52868 -38.2142
188.6991 31.26539
313.74668 21.419
49.26887 17.06692
287.23667 -25.3491
188.6991 31.26539
188.93782 54.51058
209.2072 63.07361
282.9518 -14.09976
359.95968 -1.26215
213.07331 69.71294
87.78023 4.62339
256.57364 32.77156
94.23935 76.26869
104.38782 18.61787
112.96893 -65.9297
345.4623 -80.66367
54.81625 27.45161
256.57213 42.25433
209.2072 63.07361
127.33015 3.0066
2.68743 -2.39467
89.62124 21.06076
89.62124 21.06076
1.40198 -4.00491
26.64778 -41.56363
217.97214 -23.27732
0.30059 -1.01404
49.65456 -22.34945
298.34809 -35.34548
101.40393 34.1568
92.13749 35.78709
45.74798 -48.18707
77.41261 11.65774
73.49392 18.70795
82.01371 13.45799
155.49874 23.16543
298.34809 -35.34548
102.34143 35.90788
45.74798 -48.18707
70.54989 11.01831
149.08514 -57.34698
225.97455 -75.86016
285.33397 62.74727
109.835 -48.40659
73.2573 10.71393
161.26591 17.19803
106.13206 22.45053
326.46071 26.56296
77.15239 13.63209
75.59975 5.97338
337.79062 -24.9202
137.91618 24.28095
112.54668 66.75298
112.54668 66.75298
290.576 23.94395
74.88051 11.63869
111.31379 63.58505
142.89047 -17.87153
300.23137 -16.7447
171.7948 -24.41615
295.32399 -28.52495
295.32399 -28.52495
283.96382 37.9221
76.80348 12.94056
82.33516 10.40509
58.42745 -66.94072
92.71278 34.70539
109.54698 43.37255
101.69746 -2.10233
144.58681 -38.53616
123.78731 -14.22589
118.07243 50.52804
282.19917 63.35883
148.10923 -34.94212
101.1887 39.99489
314.74755 20.68599
206.06509 37.03563
103.2497 33.55103
148.58523 22.70153
96.709 18.39434
137.11831 -82.42523
86.45885 -56.97306
68.85739 1.52865
102.58137 61.99018
95.64188 41.28461
91.04324 38.06535
81.34803 -57.18299
40.459 -55.41212
125.62193 -27.4215
174.69627 63.10138
103.40597 22.68433
277.25461 7.75911
214.2879 26.99304
215.28839 29.20051
173.22633 42.2578
105.36578 66.60482
230.64623 73.13399
325.36189 -26.08807
95.83026 -77.87825
353.87129 9.23357
187.75857 -73.99475
135.57326 42.30144
213.02652 26.13802
190.96998 38.93599
190.96998 38.93599
274.95941 -20.18336
132.94761 -63.03714
54.70574 34.84643
66.03876 31.20706
101.44251 13.28607
69.82072 16.12696
83.79582 13.19003
321.95595 -53.55913
97.4431 -71.21935
289.98214 53.10691
355.72868 -20.04121
269.63462 -29.15925
51.7416 -59.00541
133.5115 8.7807
355.72868 -20.04121
300.0371 72.60142
139.64299 -60.09222
298.48507 27.14923
95.32486 -12.02398
272.11825 30.22542
250.88317 50.89463
241.80874 47.32067
107.27331 17.41208
216.79355 -24.93742
1.79259 3.57501
288.91588 -23.12313
214.28896 25.58211
288.26426 -5.79499
85.26894 36.91355
225.29062 -10.02069
287.99069 52.2367
336.16647 -48.05511
180.34682 -74.92888
181.68887 -31.07407
181.68887 -31.07407
131.71751 60.39171
128.32133 55.60337
195.01832 52.85093
359.78402 2.8649
89.70471 28.56462
100.61547 34.50626
118.39752 13.45539
92.79178 18.21097
157.38764 49.23787
190.69952 58.38077
31.04815 14.08585
115.80006 41.57754
159.57033 23.61283
91.1691 65.85622
282.19917 63.35883
115.80006 41.57754
228.14045 -63.46852
285.15815 64.0901
31.04815 14.08585
31.04815 14.08585
91.1691 65.85622
320.27182 13.35247
208.23456 53.82193
77.1181 42.85485
13.97954 -34.11285
320.27182 13.35247
331.22833 20.29202
318.30205 38.7366
200.68939 -19.9431
200.68939 -19.9431
130.09141 -37.18978
354.07234 40.02208
354.07234 40.02208
286.60409 55.93047
286.60409 55.93047
281.68954 14.68815
247.35039 -11.80099
83.80503 42.94793
292.50808 -29.77608
85.57623 35.75066
260.53098 48.89142
249.56265 -56.80726
175.95341 -35.19724
85.57623 35.75066
250.09761 -33.5212
249.56265 -56.80726
166.7229 -32.53764
181.06902 7.32828
119.58108 51.16066
65.1639 18.83013
47.67047 -43.56086
74.50988 30.11458
79.85293 21.37622
42.57577 55.23163
119.58108 51.16066
42.57577 55.23163
270.17524 -23.49177
273.98618 -18.60529
1.30538 -2.03545
273.98618 -18.60529
330.5855 53.97598
99.98716 17.72195
32.27249 26.15047
32.27249 26.15047
0.26892 -1.82254
294.66043 -11.9871
273.98618 -18.60529
123.28442 -52.07644
245.47664 -18.12489
230.82474 14.44711
99.96388 -25.34735
118.74068 -2.83394
140.43349 11.22142
188.35206 50.92665
289.89696 16.67814
240.20756 60.40104
248.02983 55.80635
70.54028 15.59932
294.66043 -11.9871
289.89696 16.67814
79.18241 -34.37046
290.15667 -39.12815
201.24412 33.43766
212.27401 26.5165
315.66347 46.02638
119.44563 34.33814
102.16173 27.83197
109.1566 41.33459
127.12677 -13.43471
147.25901 30.18773
194.66268 -0.37101
194.66268 -0.37101
127.87377 -43.50115
0.66317 -1.2815
122.78408 -53.35488
127.87377 -43.50115
258.94613 47.48243
280.1731 31.95774
214.5263 25.64577
285.97627 -9.40158
196.02281 -5.10509
84.01871 5.79753
34.97142 41.96707
214.5263 25.64577
214.5263 25.64577
80.48988 18.81626
227.56937 0.91949
302.75229 2.97931
74.7038 18.00185
327.97536 -21.13931
67.90237 -15.09012
99.78434 34.55883
142.89335 4.40504
142.89335 4.40504
327.97536 -21.13931
78.69759 10.76136
169.73224 -23.16676
113.46813 18.49173
52.5209 -49.98864
82.2986 36.07473
98.26899 49.73953
246.79531 11.19034
71.65202 12.75709
275.68345 -39.93482
76.7283 -5.45544
313.92595 -1.91805
313.92595 -1.91805
76.64503 -66.17747
261.02749 56.98688
218.56355 -19.03535
118.34647 47.98752
118.34647 47.98752
221.71652 -13.93193
355.36023 -3.22199
210.53336 26.00524
235.01333 -3.29661
344.46401 30.24863
275.68345 -39.93482
275.68345 -39.93482
225.5882 1.4454
281.81705 -17.5933
344.46401 30.24863
344.46401 30.24863
276.55851 24.63718
358.18821 -3.61664
262.84921 -30.62853
335.05211 55.81739
328.97114 6.51786
106.04263 26.62379
88.04036 -17.22319
47.74962 -50.99807
187.83159 69.57532
358.6328 1.20327
82.49921 16.20638
60.85363 -9.83355
79.26947 19.25567
2.95282 -3.10446
150.07156 -12.27336
79.26947 19.25567
339.76985 35.42038
345.0743 16.60586
82.49921 16.20638
39.73243 29.2349
202.77723 35.76402
16.13135 -13.78589
318.13687 46.56042
15.35677 -17.59239
126.79207 -58.58351
78.97779 17.34816
16.13135 -13.78589
120.44792 -56.49811
139.4218 -60.96448
123.48216 -59.36278
123.48272 -53.1774
290.83817 51.87879
122.90808 -54.0042
292.60786 52.73956
297.80252 52.68541
286.60409 55.93047
279.87299 57.06838
285.05869 55.16088
285.33397 62.74727
168.1505 -31.03317
172.45688 -27.02191
1.26678 -2.65616
167.93593 -26.96767
355.91449 -4.56257
211.41719 30.78517
79.87071 10.01236
211.41719 30.78517
80.53919 9.96232
208.95981 36.83022
77.5999 15.924
37.26302 -8.12065
172.49839 37.54198
292.80544 -55.69407
292.80544 -55.69407
213.01042 -2.17853
161.55863 -6.8916
292.80544 -55.69407
38.21286 -7.10426
71.38452 9.4126
294.01002 3.68473
119.8176 -28.07947
79.246 13.69152
118.99221 15.31627
137.97253 57.69918
311.85177 44.08875
284.88498 27.65117
163.64677 53.56645
169.32461 67.4636
286.89639 -61.7687
58.93637 -11.83428
293.44815 11.49757
286.65584 40.85838
266.98341 61.74645
266.94347 -26.93081
343.00208 -6.78174
159.31431 -27.44257
192.2274 -22.86269
123.06375 -28.1432
76.92011 21.12868
216.04472 53.95226
73.37692 14.57345
140.80848 -9.3787
100.16678 66.69255
213.091 31.22796
52.00313 -59.63511
52.00313 -59.63511
97.14496 -21.38256
181.08665 21.4426
16.32379 -17.32247
355.26184 20.12464
229.79849 71.31893
317.62367 8.17624
20.81376 2.50674
26.94357 46.38366
81.73773 9.07311
18.96358 1.03031
175.78305 63.3677
2.7292 59.83597
44.30174 46.03028
3.68683 -8.4711
21.81161 60.58844
90.06374 -34.7275
141.56782 -27.70854
80.9124 10.5171
2.41734 23.58167
36.96748 7.41135
90.14771 55.01079
17.5164 31.48148
37.21115 1.00153
57.68396 8.67193
258.98417 82.93966
318.80629 -2.92076
111.21656 -48.08435
32.82704 -5.59005
339.18433 27.3871
73.02692 37.66299
305.02208 10.37061
307.37226 27.64978
68.48574 56.56756
56.28261 34.77496
5.10081 -65.95709
1.26009 -2.62612
311.55142 26.66515
109.34478 62.26188
168.57627 -67.09225
340.05994 -11.4985
340.05994 -11.4985
331.38949 40.39538
320.90869 19.31718
173.94139 -55.78037
80.63242 11.06166
279.09436 -59.46088
70.64753 10.52435
61.15665 -11.47701
74.01673 -55.10884
78.0678 -54.24391
216.0731 32.70262
160.07235 -18.56736
52.02077 -77.40177
168.49578 10.87165
182.28292 -18.62304
255.48817 -28.19634
106.41269 -21.05141
108.719 41.04437
110.52101 -2.50297
120.79104 -42.3953
83.33558 13.20446
224.80293 -57.27708
172.64968 11.93271
329.51487 -28.04356
233.83834 -57.33374
120.44208 -54.99882
5.51512 -20.48764
311.90842 -36.78034
52.34827 -46.96648
224.27222 -36.65384
187.3925 -19.04397
239.35512 -18.86685
63.27132 3.58055
331.29531 -53.10239
142.12315 17.12156
2.20149 -27.12011
228.49712 -33.50524
195.0388 -17.02221
64.56026 0.54239
185.96381 -5.97486
70.2185 10.02041
70.3644 10.29225
71.12324 8.79872
67.41056 -0.67616
67.41056 -0.67616
27.30726 -64.29217
341.69196 -58.71051
185.96381 -5.97486
8.43581 -12.16182
41.87586 -18.69708
272.90839 -48.72408
204.31771 -13.83753
9.18589 -12.2236
70.47402 -53.32407
213.26791 -17.86346
262.21007 1.08882
56.87831 -56.95485
131.74451 4.2186
124.73557 13.94549
350.87055 22.68096
29.07673 19.95
236.50396 -15.30712
241.18153 -16.77741
92.7646 -35.57552
289.20142 -1.78974
76.71253 20.71013
175.33928 17.37137
327.95632 53.16778
70.34971 14.16403
79.35114 17.25653
215.64575 31.83866
279.92015 -74.38858
269.59585 6.67887
67.46434 13.44081
63.03882 26.9935
132.00045 -20.66791
184.08312 8.93638
220.31205 -53.41461
66.92249 -5.76833
333.28825 -10.02581
265.15647 -21.53947
25.73857 66.33386
273.40535 6.77589
115.36606 -30.42933
1.86251 48.82969
289.64107 -60.12739
234.93391 -50.50277
351.09757 -37.30371
253.16 29.65549
131.00143 -27.7479
354.77416 51.82305
300.65384 32.19228
86.8824 17.62719
77.14669 8.38649
75.35254 7.9012
276.98106 57.30785
290.35446 -24.13856
237.49768 -1.18976
191.18698 54.54018
217.81208 51.89768
344.4924 -68.29575
168.28983 29.32831
148.09714 5.62845
158.63533 26.68924
89.60271 64.52011
168.29963 29.3298
24.36937 -27.94726
257.77864 50.76062
211.16108 68.29493
276.91998 34.12242
64.0106 9.41869
46.7585 -69.41947
144.57834 -36.20556
37.48307 4.775
239.72025 53.63984
224.91107 25.83571
275.10711 -38.85259
162.26717 66.29729
161.55108 -31.09476
194.2528 74.93234
263.23816 54.48302
194.2528 74.93234
230.5419 -43.44491
109.94232 -3.6869
75.37602 14.31346
280.19801 54.85278
206.52768 32.74444
251.36393 13.55156
24.00289 -50.21556
205.42172 32.97009
78.99024 11.71993
222.06599 21.11179
124.54264 -28.8999
303.02858 20.79804
43.84092 -10.62609
236.20496 80.491
268.81455 -30.34064
80.00709 11.66115
70.52957 9.353
255.08557 3.79235
339.10272 -9.54226
76.76629 10.44221
97.55966 -33.36243
209.34849 24.05251
351.84167 1.41002
351.84167 1.41002
265.61638 -6.82669
70.45457 10.55969
137.91736 -67.24673
226.70991 27.99859
21.29696 -36.07191
322.78669 71.31364
290.69769 -40.1114
331.41268 8.67943
79.80283 4.14748
315.62348 29.04746
109.90724 -3.20073
55.46741 23.27765
109.90724 -3.20073
74.50399 7.44064
127.83989 10.92581
112.79492 39.66099
38.82228 11.96776
45.74798 -48.18707
102.97614 31.02766
73.25192 12.52759
79.41202 8.4483
256.57213 42.25433
344.54521 -63.41106
252.33673 43.94724
74.81395 18.66425
79.37192 8.19102
256.57213 42.25433
275.57855 -28.60732
77.66929 11.41339
79.33273 9.40002
72.79154 15.00096
246.95734 -5.91257
74.7325 11.28489
83.20331 4.62172
75.8626 19.40569
48.27767 11.4139
44.27066 12.98791
77.14669 8.38649
79.85293 21.37622
61.79465 24.9965
205.36595 36.71614
299.47864 -35.3699
200.78923 34.69497
211.54865 41.24964
200.78923 34.69497
82.43803 15.59852
210.47952 -43.82781
76.67999 17.99282
211.15305 -14.49271
77.80764 8.5398
251.03691 -3.39354
26.92843 41.01691
169.03752 61.9958
76.48359 20.43475
124.73557 13.94549
49.58846 26.9685
190.11761 29.09234
28.20647 -35.60741
270.75455 54.37609
256.65955 56.04852
262.46302 58.79109
71.65893 19.01274
120.13142 -56.3562
300.25458 56.26458
160.15868 -3.1561
75.51099 18.58969
244.47566 46.88333
117.58141 27.47379
246.92255 -75.5342
270.68093 -38.01792
328.70205 -49.93536
79.67079 7.00333
15.69566 44.10377
222.42686 15.41735
78.47034 19.96081
176.68976 -15.98175
109.90724 -3.20073
187.22234 3.90125
155.46172 -55.50619
111.50544 -4.0909
76.8781 6.81805
75.45396 6.83604
252.18689 -46.68406
69.71519 -56.64891
309.55456 -56.81169
16.62766 -77.12348
214.5263 25.64577
303.42806 16.28136
258.64602 12.91685
356.21167 75.09922
320.93525 -34.78162
294.71566 -11.26587
261.99981 2.71409
263.18581 -5.54922
75.64356 15.91971
240.20031 20.34646
323.77267 -35.17676
302.09461 -11.72233
123.40032 52.27052
120.63534 46.27411
73.31632 15.58121
76.09155 17.79385
99.78434 34.55883
114.20906 47.38653
285.98704 -10.14464
79.94767 10.02549
107.27331 17.41208
108.35147 22.90356
100.863 26.2656
85.21298 16.31045
68.74328 21.10259
144.58681 -38.53616
126.69567 21.70691
97.46768 20.91324
72.30607 9.13322
133.5115 8.7807
170.03093 -15.04333
116.93956 20.71091
182.56518 52.60053
76.17365 9.87661
128.80568 56.40846
65.33875 -71.16224
256.54049 -55.17487
321.8912 -61.8566
110.88302 26.75585
159.30479 -4.25009
15.29849 78.08112
269.36675 -31.18031
97.32585 22.50726
83.28194 13.22301
344.09333 33.75085
233.59134 -40.39974
78.82861 10.55971
188.54783 66.90425
124.74559 57.0861
135.20142 -23.55208
262.26931 21.57897
351.16485 -28.2351
267.81121 -14.13481
109.78506 12.8265
85.74578 25.01309
354.49102 46.27816
5.3051 -70.81433
78.70044 18.19746
183.77072 -15.41489
77.59797 15.9048
79.88642 15.06379
83.80503 42.94793
73.03773 15.51005
79.87396 14.53536
248.83207 -52.70009
221.87205 -15.18304
78.38092 10.2587
75.41032 18.19117
78.09895 11.52593
74.11519 14.94551
74.55066 11.42713
310.63182 -31.43071
334.58509 -43.52429
77.45493 14.06204
65.99346 -1.406
71.06697 12.10432
76.48359 20.43475
79.33273 9.40002
74.40417 12.02527
74.22764 11.94515
71.7371 13.73968
77.70878 11.80554
261.12208 -46.53883
335.19521 -74.61855
255.08557 3.79235
30.27288 -66.06766
80.61187 10.34778
77.70078 18.96181
78.22874 16.69848
77.66929 11.41339
70.8253 10.02508
76.53433 8.8879
73.48908 10.81083
77.40578 17.05235
192.47122 28.44257
29.66627 69.11667
263.92264 47.66804
334.41024 78.30331
295.67668 -22.19486
53.48367 48.92412
157.38273 -13.8523
74.82498 11.75702
76.04997 9.6861
39.73243 29.2349
78.27209 15.36009
77.79017 16.79191
80.84382 10.05477
71.4054 11.99669
76.31541 12.14041
80.79418 10.38018
71.64355 13.49978
71.68889 12.73285
80.78005 9.39004
78.21427 14.80518
296.2183 -36.04411
73.31632 15.58121
125.91346 3.37092
60.99426 3.8068
7.6079 -37.53419
216.69969 11.87747
127.10756 -27.10288
94.51584 34.73235
338.42026 43.15722
310.65078 -32.11971
75.62729 11.21739
76.89006 20.43192
80.5711 11.14897
81.74767 17.97109
74.87347 12.01924
77.62455 9.70889
79.40642 12.36714
75.69361 7.89379
76.53433 8.8879
72.26222 11.23653
72.56961 13.41465
206.08628 -22.18146
75.35385 6.68858
75.99216 -63.15691
2.60742 -35.06443
123.40032 52.27052
171.0844 -26.15051
70.61567 13.21918
71.32404 12.87587
74.0137 17.34224
81.72606 11.23255
78.79138 8.06131
73.41902 7.26637
75.99132 5.96067
79.63268 19.16689
299.05893 -20.20372
349.99603 8.05953
133.1677 -40.69577
71.64555 13.20337
75.10743 13.17249
314.28748 -35.18844
92.44529 -67.73033
73.51645 19.58672
80.80071 13.51572
78.72698 18.48573
78.24401 19.96859
81.10942 11.79563
72.93853 9.09849
74.87448 18.67704
72.26222 11.23653
99.78527 34.47031
77.56786 16.73486
164.03214 -15.91074
274.95941 -20.18336
76.41534 7.10317
73.18543 14.56786
276.65818 11.36084
126.69567 21.70691
327.81443 9.75878
155.49874 23.16543
74.46962 18.01842
81.11486 16.18136
79.97224 10.55535
83.25836 11.7961
73.53715 14.46537
76.69173 11.99808
76.89558 19.46173
71.35329 9.44486
72.12006 15.95528
72.54342 9.28857
166.97141 -56.84619
74.10843 8.34737
122.87293 -50.08374
79.64512 11.69055
79.4584 12.17114
201.04684 82.80097
69.992 16.65844
109.34478 62.26188
109.54698 43.37255
78.89353 8.95858
77.38633 11.61671
81.17194 14.60846
81.1449 14.72419
72.05562 12.10156
73.03773 15.51005
75.64407 14.23267
70.34553 9.13768
73.20234 15.96593
72.61896 11.34565
79.5885 17.75101
80.10231 14.23776
72.60483 11.95055
79.07683 14.52091
73.01252 11.55622
79.54791 12.69918
251.10844 -54.76985
310.16617 -43.37999
314.74755 20.68599
183.51825 -60.81259
75.93709 15.05947
71.0526 17.2836
77.15097 15.03403
74.51592 6.8913
79.00491 11.72115
75.93297 8.22729
76.49718 9.75595
78.47034 19.96081
80.03966 15.72041
77.06756 13.57678
74.16686 11.71043
77.65836 9.07073
75.89964 8.2812
331.31231 4.49942
73.203 14.86746
351.44971 -61.47915
74.30416 8.12813
201.24412 33.43766
76.80348 12.94056
69.45751 13.82335
68.83115 13.55031
71.48667 9.57483
78.26193 19.77727
78.5199 8.17058
71.64555 13.20337
216.66589 51.28228
82.01371 13.45799
74.08669 7.85257
319.3888 -13.16101
313.77934 -35.79483
175.95341 -35.19724
72.46181 12.58685
73.34339 18.16052
78.28521 15.51923
78.69759 10.76136
71.10178 17.26662
72.46658 19.46959
72.98548 12.8854
75.0375 18.69539
81.32513 10.02398
113.73077 -48.08244
77.56786 16.73486
67.1966 -62.60382
68.74506 13.92633
70.6955 10.24008
12.65304 -36.80401
73.37771 18.74477
78.9153 10.49531
80.40251 13.0873
81.69761 14.32619
77.09593 12.83567
75.3761 13.8754
78.82865 7.37348
73.203 14.86746
74.32823 14.22116
79.07683 14.52091
281.0126 82.37965
203.53877 -18.38577
76.08999 6.33882
78.58093 13.1131
78.68313 13.02867
78.82865 7.37348
78.11516 11.51112
79.88527 17.27693
74.08635 10.62548
73.89554 10.45737
73.53491 13.14527
79.4231 6.96348
79.88642 15.06379
76.1613 8.13328
149.96765 26.12646
76.22605 7.98316
182.77821 -60.77779
81.41618 16.02501
77.15239 13.63209
81.36992 12.48273
79.97327 11.87083
84.22691 13.33162
75.20665 15.4413
80.58703 7.98461
80.18831 18.78346
298.86551 58.75489
79.26947 19.25567
101.69746 -2.10233
76.08999 6.33882
76.77586 17.79756
79.73343 11.487
77.7651 12.29145
71.65258 18.58354
83.91538 12.50696
82.28058 16.30356
76.08999 6.33882
77.08701 8.68505
70.10576 14.01685
75.2479 9.73401
76.13477 9.15365
73.37904 38.46731
13.67168 -2.00978
302.69417 -5.55411
286.03584 -17.86379
262.84921 -30.62853
70.11203 -37.53603
56.66419 49.59735
273.40948 -36.91434
359.28428 55.60336
197.14414 23.83401
198.37152 67.81292
280.60948 -31.0579
9.7599 -57.9909
348.12324 31.08939
344.82551 26.05405
290.576 23.94395
230.84909 42.72934
38.93233 1.23509
32.04857 14.43563
78.59537 7.95154
12.65304 -36.80401
158.83659 3.39851
76.83914 16.23218
230.32938 -28.13706
230.32938 -28.13706
239.34592 48.87164
298.93443 11.31345
236.48794 -38.60499
328.46185 -31.99284
75.20398 18.00601
348.34536 32.32096
76.71995 -63.53633
237.62638 50.91389
298.93443 11.31345
319.0805 47.45593
211.54865 41.24964
181.74418 -19.03751
232.59266 56.067
235.97962 59.6076
80.80955 -64.9803
172.49916 -7.98082
102.34143 35.90788
102.34143 35.90788
83.49862 20.62284
320.32185 59.40196
73.41902 7.26637
348.06502 -74.1011
298.93443 11.31345
271.18492 -28.86577
123.84792 11.48322
281.8256 4.38237
277.39489 -52.87029
304.27626 23.09689
357.28914 -84.10376
100.20285 59.05418
94.60687 5.72303
269.59585 6.67887
216.79355 -24.93742
357.28914 -84.10376
66.66394 4.16881
201.66944 6.3173
152.06806 -13.11341
120.82367 -0.93772
104.86527 13.64333
317.9426 -60.79535
166.75662 63.64403
76.14092 17.03042
280.67988 -38.73361
195.67069 4.86549
343.06161 -27.69962
283.77169 0.43802
205.17175 -42.76917
214.37435 -24.04116
302.92213 -25.24938
69.40595 9.90063
243.29836 -42.91686
157.24389 36.96199
72.03695 8.78533
72.02081 13.29617
72.21386 8.60743
79.45806 11.65227
75.50719 10.29406
73.50995 10.94288
72.81063 8.18819
76.49308 20.02263
76.37255 7.85166
78.45373 12.09016
75.19259 12.91958
80.78026 7.61693
80.66117 10.47638
74.30564 10.20012
71.90739 16.50143
70.6955 10.24008
73.59209 11.43915
71.92375 15.37287
69.75019 14.98425
82.19331 13.13472
73.46926 9.53827
77.91073 15.31757
81.60929 10.44986
72.72786 7.7195
78.39607 12.96405
71.75799 10.60929
76.56618 12.0424
81.11486 16.18136
77.79017 16.79191
80.05924 6.52188
81.81523 12.89982
73.99484 9.45945
78.58747 15.92702
75.1203 16.83141
70.48314 17.24444
75.11189 13.59083
73.05727 15.13897
78.64292 14.98246
72.36456 11.80543
79.83412 14.50514
70.40788 13.05555
78.38825 8.07743
77.87755 11.52096
78.39607 12.96405
78.78362 18.18766
79.67079 7.00333
70.58352 9.22104
80.68512 11.53087
80.32004 13.09313
72.949 8.51634
73.2066 13.355
73.56095 9.76833
75.703 9.19024
75.75719 9.35942
70.89567 10.37328
74.4723 6.90783
74.37222 8.29409
74.54275 14.53038
78.04679 19.67348
73.36096 12.89062
78.2779 10.19197
73.6739 19.67833
70.2185 10.02041
74.75577 12.37222
70.94994 11.12526
76.88378 19.2323
72.72814 18.31341
79.46009 12.25527
79.12551 11.26477
81.73773 9.07311
73.25046 12.21177
73.20234 15.96593
76.6116 9.4666
78.02145 18.31592
73.57259 15.72302
72.86159 20.20993
76.75355 18.85404
79.80597 17.76123
76.12806 9.2575
79.01123 12.45831
74.37983 7.19857
78.11288 9.02219
76.63047 14.2873
75.9239 14.64718
77.15239 13.63209
73.26258 16.04522
73.69945 13.68998
76.12806 9.2575
72.38905 13.70311
69.60258 13.35942
82.75063 16.12874
72.38789 19.39477
72.38789 19.39477
72.23976 8.87168
71.48765 15.38301
76.04946 6.15922
78.6651 12.60394
73.85727 10.30916
71.0526 17.2836
79.09376 19.50898
69.65882 10.40856
79.63268 19.16689
77.1239 12.93656
78.33698 17.73532
77.30341 16.67763
82.73358 12.21263
76.53877 15.7141
79.85362 14.09794
72.33987 10.38327
82.45718 11.74957
79.32401 7.76339
78.35687 11.07277
78.81162 13.97444
79.26853 7.28213
78.367 16.14809
71.35329 9.44486
72.86986 11.90966
77.91374 -19.06415
71.65202 12.75709
76.507 13.45626
75.05181 17.5388
75.20665 15.4413
358.86307 -3.03947
358.86307 -3.03947
71.27937 13.08704
74.99943 18.43362
76.88378 19.2323
0.37632 -3.11294
3.10692 -3.82814
3.12842 2.15616
1.5387 -2.72744
79.87071 10.01236
78.48381 13.55465
80.03294 13.97537
75.874 17.24014
359.54055 -2.21994
1.73882 -4.80424
0.95931 -2.12513
4.7022 2.57044
353.83159 -2.68573
80.37293 10.80167
76.97413 19.05921
80.72527 10.86939
80.09004 10.77346
3.62603 -2.80581
0.78471 -1.60371
79.10657 14.33807
81.05735 10.90881
81.52267 10.1103
81.32513 10.02398
359.97293 -3.02784
359.80491 -1.72023
76.85046 21.14301
77.66083 19.22395
268.46993 55.22474
267.02928 58.39355
359.79137 -1.89004
78.97779 17.34816
349.99931 19.20525
350.73677 18.77075
350.73677 18.77075
3.31221 -3.25204
1.93461 -2.47403
3.0586 -2.04713
0.12563 -1.42905
357.89166 -3.84811
81.16841 16.24171
0.07234 22.45095
44.72122 -51.37977
350.73677 18.77075
0.67689 -4.74007
0.95823 -1.8212
70.90519 9.18851
74.67646 10.22955
47.92889 -51.9848
76.53023 6.53422
57.39839 -55.9696
48.86201 -54.50874
55.42682 -52.74736
4.3802 -2.51597
2.55867 2.25989
74.77781 10.13841
57.96683 -52.25345
172.89825 -25.81964
51.46106 -49.94032
57.29683 -53.84042
75.89964 8.2812
69.27852 14.99911
71.60688 17.34751
206.93309 28.93705
203.23147 36.72574
318.13687 46.56042
170.97857 -23.55083
69.77936 13.94175
73.11777 19.87226
76.03716 16.24851
74.16686 11.71043
323.69493 48.82989
323.71825 49.0873
322.27085 53.83847
80.47826 18.08721
82.15064 17.25604
71.57819 18.42086
82.50635 16.57577
318.17362 49.58463
77.14669 8.38649
83.35181 12.67076
81.5855 15.71073
1.98637 2.11254
358.63014 -2.81154
358.49901 -4.06358
79.26947 19.25567
74.72154 11.97179
74.88051 11.63869
79.26947 19.25567
82.37394 16.98767
71.60688 17.34751
72.31497 16.33606
82.91642 14.06137
3.1117 -2.29642
1.60158 -2.77206
0.02901 -1.06373
76.64025 8.75519
72.14748 18.68909
73.9027 14.73466
74.1138 13.62366
73.114 18.77652
78.35687 11.07277
75.61681 11.39306
2.46055 -2.08247
1.53257 -2.14871
75.82304 10.91052
75.63372 11.87922
70.61567 13.21918
77.1069 8.36869
311.30973 75.41367
287.57862 37.35505
78.52715 7.52066
347.15403 -47.49513
271.64987 37.18456
174.75407 -14.0676
172.89486 -23.37696
254.20063 36.30503
163.08688 -73.86688
115.11108 -58.2406
99.98716 17.72195
77.24742 10.89836
78.78019 43.22089
210.37718 26.27651
18.14948 -14.11663
74.92557 10.31441
174.58567 -78.39051
105.28992 1.64262
313.65223 -54.43363
320.27182 13.35247
214.79407 -46.25415
330.87143 31.27473
243.60243 -8.84384
77.23258 10.38317
251.20809 47.35154
253.08943 50.52829
123.28442 -52.07644
178.06148 7.07762
215.5357 -34.93994
138.05768 42.19051
80.00709 11.66115
224.96554 -21.08506
219.02671 3.81532
78.90961 16.33314
83.13776 11.20876
74.30416 8.12813
79.00786 13.17723
70.90471 9.24415
76.60095 12.97156
73.02343 12.20124
80.84382 10.05477
73.60457 10.99626
134.5097 -55.40924
287.33035 52.72248
299.25474 54.27377
290.87617 55.85724
289.32884 57.38029
173.07319 -73.4424
173.07319 -73.4424
185.34317 -13.94236
27.05066 37.67784
336.10326 -43.0374
232.67282 -24.70211
292.50808 -29.77608
105.47532 3.57209
295.69143 52.47382
93.08627 35.08164
313.66815 60.16222
115.40542 -78.05159
183.72406 -10.25307
149.72351 -78.75503
293.85557 15.84163
277.0269 -44.84798
308.21517 -50.42274
122.60131 -75.7992
331.7177 -17.45562
19.79526 -40.30421
0.54581 15.80164
252.27127 59.32248
318.06196 19.20844
185.99827 -69.01004
206.43154 -27.47443
321.98145 52.55328
40.91076 -51.71337
42.94366 -49.1871
50.70238 -57.69594
304.65803 -40.74999
12.14366 -16.57351
262.89727 51.36053
337.84348 65.38752
279.08815 23.78659
172.89486 -23.37696
67.32589 -32.27271
223.54147 -41.61299
285.33405 52.65691
232.39378 -35.45066
319.59136 30.359
309.84569 -72.72011
70.15807 36.91147
216.96953 -33.72746
345.9806 -6.63429
228.68876 -11.79597
110.71755 -25.35493
159.09073 -54.7599
195.0388 -17.02221
60.44831 -24.37543
241.19241 -31.20101
353.41363 -57.81809
347.51462 -23.20563
232.0045 -20.48518
295.46265 -62.85069
118.33015 -20.60282
174.77536 -17.35063
299.3813 85.72696
41.91496 86.47046
79.26947 19.25567
263.55608 -28.57122
80.13841 34.09023
52.29591 21.78318
143.57787 -7.80756
141.10904 -9.96534
126.58855 -63.0179
283.04022 55.30041
62.18909 27.34278
295.2137 59.97066
174.74941 -19.71256
71.48138 -1.9865
73.86663 19.06885
21.45369 -12.52792
243.75063 -5.70925
245.353 -10.30432
234.24754 -31.63293
308.1786 11.02906
230.80783 50.24653
67.22735 -59.35657
280.50197 54.06962
286.63848 52.18224
