173.22633 42.2578
130.17165 15.4832
248.02983 55.80635
276.65818 11.36084
268.35292 -79.86983
287.37115 16.22854
74.08669 7.85257
309.95254 -60.44212
56.17023 -51.54478
72.41955 12.16325
255.08557 3.79235
76.97308 10.63796
79.2028 8.76729
62.18909 27.34278
193.28189 24.14746
238.38719 15.19213
70.5319 13.13621
16.3427 29.61681
82.91642 14.06137
302.92213 -25.24938
76.58475 11.99354
75.61681 11.39306
82.549 27.54691
262.91176 61.77713
69.71519 -56.64891
3.68683 -8.4711
78.96035 19.49697
74.94273 10.34452
63.20153 -34.1737
115.39012 61.06633
72.52469 11.11254
75.63965 19.70716
194.2528 74.93234
230.32938 -28.13706
282.95386 36.8124
3.01617 -2.4566
76.22744 18.01603
279.58436 -7.30635
229.79849 71.31893
339.10272 -9.54226
181.68887 -31.07407
188.24252 23.11814
142.80364 45.37156
313.40462 15.61315
73.08062 18.9742
77.49514 17.23201
72.02081 13.29617
30.27288 -66.06766
0.39585 1.82651
82.56605 13.71756
290.7713 -0.74262
72.70698 11.41789
71.83343 13.46754
80.05739 10.24589
183.77072 -15.41489
147.08028 -57.78259
78.27565 15.03
40.58713 -64.93107
74.83195 16.41182
23.52808 39.03285
80.41883 18.12873
79.5885 17.75101
70.95869 10.98805
78.0353 18.21023
168.98897 23.09396
38.82228 11.96776
74.36798 19.18908
212.71679 -83.16196
120.44792 -56.49811
71.35329 9.44486
69.79203 14.42317
76.08521 14.82277
345.0743 16.60586
239.72025 53.63984
90.06374 -34.7275
223.81459 73.83285
284.96094 11.27684
164.95321 -36.15185
202.77723 35.76402
79.01712 11.19167
0.54581 15.80164
74.99789 7.01237
196.81868 37.71118
77.25546 11.49947
73.52817 7.19207
103.2497 33.55103
210.53336 26.00524
137.23205 -14.70463
106.98514 -29.70224
285.47075 -60.62926
71.90027 11.59203
266.98341 61.74645
137.91736 -67.24673
81.67626 0.41247
213.091 31.22796
72.85057 12.55983
68.59512 14.25314
337.16094 12.98895
205.42172 32.97009
38.73059 -67.19545
354.49102 46.27816
79.4828 14.07858
79.85293 21.37622
145.25709 57.416
280.60948 -31.0579
6.76186 1.91343
295.7576 -47.73355
78.367 16.14809
98.63193 34.77412
167.73566 -15.43366
234.7828 -37.98373
192.22932 23.40613
130.65188 32.65294
82.62976 12.00586
71.6846 15.04164
277.21786 -25.58787
289.32884 57.38029
45.74798 -48.18707
1.47384 -2.97281
82.68811 12.80745
75.40427 6.20238
321.8192 43.14733
65.21072 -72.66598
78.47517 18.73849
2.71258 -3.16846
73.09059 16.03365
75.3761 13.8754
75.16036 16.45824
285.33397 62.74727
45.42617 57.46841
317.42953 -20.83375
246.92255 -75.5342
81.53022 12.43657
77.54455 15.4861
252.33673 43.94724
80.44858 16.35836
319.59136 30.359
321.13626 30.27776
1.25239 3.26551
305.64883 35.29676
77.18475 15.99895
268.76577 -34.55037
195.0388 -17.02221
275.46822 -26.88106
260.74342 51.85877
168.98897 23.09396
0.19829 -1.41918
76.09155 17.79385
310.63182 -31.43071
78.39607 12.96405
75.05181 17.5388
83.30414 13.35928
159.04576 -84.27097
214.33741 -29.22647
243.46674 -70.83548
70.6955 10.24008
339.78905 -16.78424
302.46383 15.25563
169.54805 -23.20116
292.1249 -31.58729
81.86131 18.21762
77.77232 8.27018
71.93296 8.45513
299.25474 54.27377
85.77535 85.54996
63.19043 -34.67876
71.22602 12.80662
76.71253 20.71013
4.03089 -3.38767
80.00709 11.66115
81.11486 16.18136
78.47034 19.96081
65.83323 17.01545
206.08078 -46.73229
187.75857 -73.99475
74.87605 17.53304
78.04972 18.13436
70.11329 12.43136
108.96346 -18.43512
79.18243 7.46221
69.71519 -56.64891
328.94467 39.0081
77.63359 15.78425
313.74668 21.419
90.34009 37.69226
296.49384 52.60405
71.81906 13.89999
60.85363 -9.83355
239.34592 48.87164
77.87755 11.52096
75.33161 -60.78063
15.69566 44.10377
232.00021 -27.62676
73.42971 8.72341
89.62124 21.06076
340.05994 -11.4985
73.11839 13.40611
79.86092 14.83536
136.79772 67.57906
79.65053 12.12381
80.84382 10.05477
2.60875 2.30259
273.98618 -18.60529
80.03966 15.72041
155.97706 35.42633
357.56175 -4.13618
77.92249 11.78641
73.94724 12.9292
70.94724 10.68138
79.97327 11.87083
61.29711 43.28357
54.62427 -11.48747
192.2274 -22.86269
76.6116 9.4666
245.353 -10.30432
71.50909 15.17842
258.19387 54.82399
77.31523 8.61818
76.15849 19.80583
77.2472 13.51221
72.6919 11.58428
321.8192 43.14733
48.55544 -55.79751
77.70878 11.80554
58.42745 -66.94072
74.37222 8.29409
63.43654 10.35759
63.03882 26.9935
91.04324 38.06535
248.49513 34.75486
256.57364 32.77156
333.28825 -10.02581
339.89168 -1.56882
282.94348 -7.18105
75.0185 7.37141
32.82704 -5.59005
78.97611 18.20563
73.37771 18.74477
295.32399 -28.52495
73.09059 16.03365
77.8255 16.24184
100.33669 24.75349
82.09998 16.82071
359.78402 2.8649
81.52267 10.1103
259.39432 23.62895
84.38215 13.0598
70.90578 16.05526
75.16183 18.33269
70.20006 16.94089
75.56386 10.52882
63.93673 22.14911
76.8224 15.64277
78.28521 15.51923
253.08943 50.52829
78.64292 14.98246
73.33499 12.55055
182.28292 -18.62304
301.14533 -17.01962
74.61491 8.98213
228.68876 -11.79597
82.29819 10.29931
76.37255 7.85166
70.17289 15.11288
267.02928 58.39355
334.51571 27.30029
24.36018 -7.57187
26.02156 5.98199
263.18581 -5.54922
210.01238 11.13398
276.98925 35.90172
74.15853 10.11879
78.15062 16.93521
76.44426 13.90365
83.1107 16.9967
82.78543 17.366
196.79526 37.69663
48.93602 -57.17935
74.8161 11.28253
72.76119 8.36644
74.34554 12.3889
268.56582 39.10605
1.89895 -2.91396
75.9239 14.64718
69.05421 14.28192
100.20285 59.05418
102.28211 43.94313
76.54074 10.5023
28.20647 -35.60741
82.84035 13.76677
77.39112 10.59114
317.48266 44.13309
73.95914 10.91713
74.11519 14.94551
80.67491 -53.68469
171.03018 -19.32486
75.76637 -59.8217
73.09948 7.96666
237.15768 -62.41261
215.35863 -19.05301
2.81609 -3.95413
155.32706 -60.26284
169.94418 -54.44177
337.20575 -79.01555
78.87415 16.50144
123.40032 52.27052
175.58174 -27.51381
78.59578 15.69417
80.26885 8.15389
71.48138 -1.9865
259.77379 -42.01396
201.04684 82.80097
71.03282 10.20893
74.2159 14.83951
76.26675 6.42466
186.97531 -12.64088
287.99069 52.2367
289.14624 48.69912
33.62509 -40.76907
74.10843 8.34737
303.02858 20.79804
125.35178 -25.63483
76.24058 11.54633
141.56782 -27.70854
99.3068 -69.41004
69.24911 6.82064
335.53726 26.53439
346.69938 -68.69803
177.11309 -26.33885
80.97939 15.33197
212.73798 37.75937
129.14418 -49.79242
181.74418 -19.03751
81.73967 17.25221
80.34362 18.81793
282.47686 -51.24171
76.84314 7.61078
79.78237 10.1788
78.61724 8.09036
111.85157 9.50311
10.73402 17.80138
306.49947 -2.30153
286.65584 40.85838
285.34053 -23.1643
80.62372 18.47594
80.61347 13.5173
77.91073 15.31757
80.72527 10.86939
146.85508 41.44266
81.96749 11.36229
344.54521 -63.41106
174.75407 -14.0676
358.36627 1.16043
262.89727 51.36053
81.32513 10.02398
133.02426 -56.30748
168.32281 -22.507
79.68402 14.75417
80.69124 15.15359
310.22075 -46.11619
123.13008 -49.79317
77.02002 12.89296
258.09657 -17.33308
78.1688 19.45131
47.74962 -50.99807
281.81705 -17.5933
285.15815 64.0901
135.57433 37.96972
163.08688 -73.86688
80.40251 13.0873
343.06161 -27.69962
79.10657 14.33807
73.01252 11.55622
313.5829 55.91096
78.20628 14.89907
5.09735 -65.98674
325.60907 -55.92883
58.54106 -8.75906
123.84792 11.48322
45.05421 -53.03644
40.94007 10.19103
0.95823 -1.8212
76.12806 9.2575
3.04491 -2.19528
71.38452 9.4126
249.00212 70.27244
75.54375 7.82395
268.1186 62.0702
210.37718 26.27651
71.46339 15.32601
26.94357 46.38366
120.79104 -42.3953
74.1828 17.7141
293.79011 22.54309
77.14669 8.38649
260.18944 54.74227
342.28699 -28.57624
76.8781 6.81805
74.08669 7.85257
292.50808 -29.77608
289.32884 57.38029
81.3727 16.37273
347.15403 -47.49513
284.8222 -31.15296
75.11189 13.59083
83.35181 12.67076
330.29727 53.29188
73.85727 10.30916
134.21582 47.06292
70.34971 14.16403
74.4723 6.90783
80.07785 13.32739
249.5859 -12.614
245.08569 44.7158
82.50044 17.11103
71.19269 12.60684
71.21092 10.22219
211.54865 41.24964
75.61222 17.29955
265.02919 0.4963
131.00143 -27.7479
76.15527 13.5747
65.8713 24.73031
80.49322 32.34312
125.91346 3.37092
78.78362 18.18766
187.75857 -73.99475
71.86779 13.82184
174.58567 -78.39051
69.05421 14.28192
40.6105 -54.55938
75.41032 18.19117
197.53205 -41.87293
19.82504 -3.78099
73.23628 18.65971
195.0388 -17.02221
330.0607 69.96078
82.84035 13.76677
77.95256 20.5221
74.74287 10.07705
3.2946 18.26324
78.58747 15.92702
246.32433 -45.36507
72.59591 12.52439
71.58933 10.08152
76.92011 21.12868
71.32111 12.69293
176.84739 75.01257
28.02639 -43.7286
74.98872 50.45641
73.114 18.77652
78.62698 11.9571
83.13776 11.20876
301.00794 -8.64016
76.36321 12.51187
267.26323 56.79861
79.00786 13.17723
73.41902 7.26637
88.75118 24.70122
75.95588 42.88825
258.09657 -17.33308
359.50386 -2.42159
3.44844 -3.25093
124.71484 -11.52915
175.95341 -35.19724
211.54865 41.24964
71.06491 16.24557
354.64312 -2.29867
107.27331 17.41208
80.10231 14.23776
8.52065 -0.18908
51.90862 27.63035
74.19149 14.80444
255.10364 56.3513
80.6199 8.20087
69.77936 13.94175
245.04538 47.48286
74.35134 16.65939
47.88612 -49.02284
218.56355 -19.03535
70.78812 9.80681
78.90205 11.7114
76.71253 20.71013
81.20831 19.98353
23.40997 33.0215
78.45852 13.06531
1.41436 -3.35396
75.99888 11.67457
71.44036 17.68993
358.34879 -3.6861
122.95776 28.29815
124.73557 13.94549
335.53946 26.53496
191.80875 -49.20245
70.10235 10.79684
248.36614 19.14777
1.5387 -2.72744
275.54618 3.18529
70.87455 11.24254
118.34647 47.98752
250.56446 -35.97592
76.63511 12.92087
77.7304 16.58578
298.94742 -50.02248
270.09987 -42.00943
77.84505 19.2314
79.15824 17.75311
275.46822 -26.88106
78.15281 11.06917
181.25553 51.38017
73.57004 18.24539
76.00835 13.84545
262.84921 -30.62853
73.16696 17.83172
358.18821 -3.61664
1.9081 -2.5967
209.36326 42.32614
74.56571 15.66341
341.21724 -35.49343
76.04453 12.91325
79.07683 14.52091
71.83754 16.07181
359.96069 -1.49759
82.01371 13.45799
311.28216 -27.83616
82.40526 10.13197
289.95694 -27.66429
323.77267 -35.17676
71.62046 15.86299
222.42686 15.41735
76.25875 52.90913
83.25836 11.7961
9.18589 -12.2236
109.87526 2.34353
76.57912 6.48429
71.51474 9.81839
294.71566 -11.26587
74.1138 13.62366
209.21548 -72.57899
27.05066 37.67784
24.00289 -50.21556
77.83275 15.82723
297.80252 52.68541
78.39607 12.96405
80.82802 9.31381
69.85238 13.44295
2.20149 -27.12011
69.66537 10.31333
210.62473 86.49645
76.07529 17.11485
77.75547 15.17668
49.65456 -22.34945
77.64116 12.09596
71.0526 17.2836
1.30262 27.34301
276.63257 1.53233
160.74958 -26.37444
277.34362 15.24205
351.84167 1.41002
80.94435 13.01505
70.25469 9.43386
253.88843 22.08045
79.68526 15.39583
71.35665 16.25525
71.32161 12.75373
77.15239 13.63209
126.79207 -58.58351
23.65252 45.33887
164.54512 26.58635
279.10045 15.54215
122.41166 39.45894
79.26853 7.28213
87.78023 4.62339
221.87205 -15.18304
81.19303 14.77573
158.55829 15.59205
79.34112 16.23311
80.91089 10.10838
122.92303 -3.29589
75.93709 15.05947
79.98836 13.85946
269.32522 61.57342
3.21922 -1.60348
78.4776 15.94105
278.31843 56.94662
81.16841 16.24171
73.14702 14.72413
319.27444 54.28324
196.23222 -32.58617
3.30299 -3.2402
169.62647 50.39516
73.37692 14.57345
122.94668 -4.4456
78.35687 11.07277
70.04349 10.72143
78.87415 16.50144
343.8913 33.6394
65.99346 -1.406
355.36023 -3.22199
69.75019 14.98425
69.5175 14.2412
27.26359 11.13651
276.65818 11.36084
83.99267 13.28087
74.98872 50.45641
311.81455 75.08626
75.22984 7.65134
317.04896 25.84003
77.89242 12.17757
75.302 9.89614
76.28323 10.05381
74.37983 7.19857
281.8256 4.38237
15.35677 -17.59239
185.99827 -69.01004
311.30973 75.41367
194.2528 74.93234
33.62509 -40.76907
74.25808 16.92531
69.82072 16.12696
76.17667 13.00944
128.17449 24.05938
44.76195 -32.63809
13.88354 82.97723
274.65511 54.10491
242.57258 -52.10943
0.54581 15.80164
75.45686 7.92312
174.63465 -29.93683
232.67282 -24.70211
93.74413 11.70382
63.34033 27.28979
75.59135 17.39614
124.54264 -28.8999
224.74088 12.92289
345.04347 27.06963
319.3888 -13.16101
80.13841 34.09023
173.7466 -51.60268
70.3975 13.67532
211.65797 -15.71602
69.45427 38.65518
51.55828 11.54171
71.62551 15.29828
74.46962 18.01842
320.3032 56.98927
122.90808 -54.0042
190.69952 58.38077
103.28849 2.12357
185.96381 -5.97486
75.874 17.24014
69.82072 16.12696
80.17765 19.14384
83.01587 16.18623
223.54147 -41.61299
1.15451 -2.26818
119.44563 34.33814
328.19379 13.31509
315.88757 -26.58826
78.87676 15.95896
80.68879 16.43629
71.10178 17.26662
78.21119 17.85951
108.719 41.04437
215.64764 27.91033
61.33593 -53.19847
73.69945 13.68998
75.93709 15.05947
72.31271 16.2214
104.66497 23.81292
358.37804 -4.69999
70.25469 9.43386
80.82269 13.83649
79.18303 15.92719
79.09376 19.50898
123.40032 52.27052
79.84006 19.14605
19.32438 52.09872
73.94248 11.19315
80.37328 8.75738
343.8913 33.6394
75.60062 11.68733
72.02081 13.29617
210.38123 -4.4686
346.13354 -55.51383
77.82088 8.91719
299.84187 -50.82328
80.2128 8.54786
202.77723 35.76402
141.97236 35.79962
294.03604 -37.27081
83.30414 13.35928
359.63064 -3.92442
197.14414 23.83401
80.05076 10.32377
281.81705 -17.5933
286.63848 52.18224
150.04883 6.3006
6.62779 -4.33653
79.39487 10.93871
71.50909 15.17842
72.42374 9.38916
70.89567 10.37328
321.95595 -53.55913
142.12315 17.12156
288.04232 25.30286
75.08255 13.81149
0.63345 -2.63572
72.81371 7.86789
70.26775 17.14732
78.2628 9.37412
331.31231 4.49942
148.10923 -34.94212
91.75434 -38.25641
83.02035 11.86823
79.57854 7.23801
337.02287 1.70153
113.46813 18.49173
54.00797 -88.32478
80.24936 17.40063
64.56026 0.54239
98.59611 31.96608
45.07267 -71.20906
213.15118 -45.29945
355.58019 -3.78643
155.49874 23.16543
73.59209 11.43915
75.48527 10.16352
229.74595 -51.04206
230.32938 -28.13706
200.68451 0.11002
77.95395 17.20394
76.49718 9.75595
221.9558 -47.10702
76.64503 -66.17747
99.98716 17.72195
359.70884 1.57062
69.85975 -28.27039
274.22551 38.5392
268.75991 -1.6055
313.74668 21.419
75.99216 -63.15691
76.85693 17.83658
75.1612 8.23109
79.26947 19.25567
357.6251 -6.21906
261.7932 63.87857
149.72351 -78.75503
359.97133 2.13546
310.16617 -43.37999
259.27385 58.5071
77.9071 9.55133
77.1181 42.85485
0.95931 -2.12513
75.05892 10.76968
76.17365 9.87661
81.29888 14.92472
70.95869 10.98805
73.36096 12.89062
0.65841 2.32524
68.89582 13.25875
82.24447 12.52682
80.28908 14.57061
168.98897 23.09396
1.53257 -2.14871
282.68815 -19.6933
80.72461 16.84644
269.63462 -29.15925
80.49987 32.3198
78.52715 7.52066
102.71473 53.81036
40.17116 34.38475
164.956 -14.60813
78.48806 12.78264
73.60457 10.99626
5.69405 -4.7921
161.55108 -31.09476
74.08669 7.85257
268.81455 -30.34064
230.80783 50.24653
106.13206 22.45053
181.68887 -31.07407
321.8912 -61.8566
264.80833 44.57834
79.88566 18.00113
349.99931 19.20525
228.14045 -63.46852
79.00786 13.17723
79.9693 12.38563
127.50137 18.35224
1.93461 -2.47403
74.82489 11.63797
78.76895 7.3123
188.78409 8.89777
115.11108 -58.2406
72.02081 13.29617
73.30113 8.84735
70.54028 15.59932
72.95364 -58.57188
82.01835 16.9924
72.9793 15.57169
77.1069 8.36869
80.19878 -56.5953
82.69471 -11.99004
16.32379 -17.32247
82.42453 12.0197
80.45666 10.92515
76.69173 11.99808
64.79981 5.38601
73.75813 12.93483
359.84241 -1.82089
69.71519 -56.64891
70.0806 13.29173
51.56181 15.06288
327.97536 -21.13931
75.54039 8.16092
74.39563 21.73083
74.42563 15.45157
78.27209 15.36009
78.97779 17.34816
42.24615 24.29465
219.07812 -11.74314
76.22779 18.23391
81.36992 12.48273
226.75388 21.88046
79.87071 10.01236
120.82367 -0.93772
354.62769 -2.268
64.21591 -62.23886
177.65593 2.20726
71.68488 12.40577
76.1613 8.13328
13.45534 -15.78659
57.01463 51.04132
76.25245 9.34988
77.40775 15.99842
80.03966 15.72041
326.46071 26.56296
73.50378 7.53576
283.25037 61.03534
76.88152 16.18961
237.49768 -1.18976
253.96174 23.13623
75.39446 13.96113
1.91895 -2.71366
2.09502 -4.29901
224.91107 25.83571
82.91864 12.72337
72.746 11.16571
79.85293 21.37622
256.57213 42.25433
246.43481 -9.23547
351.16485 -28.2351
232.32233 -14.23405
8.8585 12.83834
80.13841 34.09023
196.81868 37.71118
65.80767 4.62728
75.0375 18.69539
77.4782 14.97262
82.84035 13.76677
251.10844 -54.76985
275.68345 -39.93482
154.15204 -30.24022
295.69143 52.47382
73.2573 10.71393
79.33273 9.40002
10.53785 40.50112
79.57854 7.23801
73.91733 18.67711
75.89407 6.05858
0.96071 1.30314
38.26267 -7.29102
216.62648 53.92308
127.33015 3.0066
73.25046 12.21177
0.12563 -1.42905
79.09698 10.58208
125.91346 3.37092
278.85603 20.31268
69.30269 13.78488
74.22764 11.94515
47.74962 -50.99807
275.46822 -26.88106
286.65584 40.85838
76.18255 9.43327
318.17362 49.58463
80.94435 13.01505
71.68221 16.08105
73.37692 14.57345
76.1613 8.13328
79.6328 11.93494
81.02454 9.35899
78.70435 12.75822
79.20378 10.77201
78.29647 16.64683
143.06278 -34.58321
75.59975 5.97338
76.99356 12.58236
283.04022 55.30041
57.96683 -52.25345
150.61272 19.30989
309.84569 -72.72011
70.37593 12.90645
79.45283 11.2887
67.94152 13.36589
80.30239 9.74522
74.7325 11.28489
101.46135 35.07326
206.23529 21.75667
56.17023 -51.54478
74.64383 14.34264
359.19193 -1.9744
359.32019 2.67086
103.20338 33.42663
44.60924 -4.30987
174.77536 -17.35063
287.37149 58.57514
70.90471 9.24415
76.70756 15.5631
75.54383 11.28757
75.50887 13.42851
79.43033 6.80177
74.17127 10.15154
81.3597 17.63876
294.10016 36.50272
75.20665 15.4413
262.89727 51.36053
205.99222 -1.54562
272.33533 34.28324
82.93049 13.01042
4.45871 -3.60993
183.51825 -60.81259
205.23994 32.19544
75.69521 11.78455
81.1662 14.53726
209.34849 24.05251
176.61237 -29.48306
82.12187 13.02315
75.09507 15.37324
79.41202 8.4483
78.5199 8.17058
12.65304 -36.80401
181.3869 -54.7665
270.75455 54.37609
92.06189 19.85964
79.01876 11.67426
74.36798 19.18908
357.78514 2.27948
42.57577 55.23163
130.55561 -23.36944
248.83207 -52.70009
226.70991 27.99859
263.70129 -11.70976
0.38505 -2.37051
266.05552 -12.12178
86.15965 49.84741
133.83921 65.99004
202.13873 31.13427
75.50723 6.67033
82.01382 16.61049
77.31702 13.03191
55.92403 -8.60952
102.73678 39.92947
79.05757 7.52969
193.98992 13.23692
76.6968 20.43826
304.86901 -37.14415
3.1117 -2.29642
80.338 10.66734
79.88642 15.06379
80.00709 11.66115
331.57931 -32.85802
71.32404 12.87587
72.79874 7.59194
142.80364 45.37156
173.94139 -55.78037
83.18755 13.96267
76.40109 9.25285
73.72695 7.56416
74.82498 11.75702
309.4349 -20.11723
78.33732 9.82378
276.98106 57.30785
240.62906 15.55381
75.97794 7.74149
74.90403 7.20309
268.60754 -18.67478
79.20453 19.87459
76.62996 18.762
277.0269 -44.84798
1.53767 -2.07668
201.24412 33.43766
79.29455 12.6274
264.52903 -54.676
269.21713 71.29123
90.0162 -31.58894
63.61641 28.51073
102.16173 27.83197
139.4218 -60.96448
79.83355 11.81086
79.14407 10.51126
241.94699 53.68828
78.87682 15.68043
170.97857 -23.55083
77.02616 10.63645
73.31632 15.58121
203.53877 -18.38577
111.50544 -4.0909
77.00796 12.98527
70.99508 17.13914
204.48349 35.48996
80.81553 16.7005
79.37192 8.19102
70.52957 9.353
311.85177 44.08875
110.00079 67.98543
51.96923 32.1149
282.35871 -38.83332
79.53972 13.78927
83.13776 11.20876
77.91374 -19.06415
73.64493 12.63923
82.50797 10.56558
73.0188 13.04075
81.84303 10.96452
3.42241 3.14652
73.114 18.77652
4.08658 2.25801
77.21796 10.90816
133.86499 -59.30136
70.3644 10.29225
161.55108 -31.09476
83.40326 11.92128
359.87875 -1.94559
77.02616 10.63645
76.04453 12.91325
78.82865 7.37348
77.80764 8.5398
79.85362 14.09794
304.27626 23.09689
75.97691 19.68291
243.87782 -14.62598
298.93443 11.31345
0.19492 3.0665
77.11923 7.5826
250.73443 -56.06514
313.92595 -1.91805
75.50719 10.29406
80.63242 11.06166
79.03781 19.38653
266.19266 61.27399
279.23027 -45.82079
78.23617 14.72074
28.83441 62.92644
73.4308 16.17228
155.26292 33.91958
79.96768 18.61192
69.40595 9.90063
263.23816 54.48302
259.59339 -51.58774
79.85362 14.09794
71.27591 10.77283
2.62527 2.70877
222.06599 21.11179
71.36235 17.55405
334.41024 78.30331
330.23401 49.04154
64.96653 47.88909
354.42038 23.10048
78.58093 13.1131
220.31205 -53.41461
77.66083 19.22395
119.9169 70.91835
352.67855 17.80321
258.9287 56.17437
274.3394 21.94442
74.30564 10.20012
214.06388 28.08959
74.92809 7.48242
78.66806 15.9007
82.68811 12.80745
74.30564 10.20012
81.9511 13.24667
283.88751 30.52487
232.39378 -35.45066
160.07235 -18.56736
76.43207 20.97129
73.53715 14.46537
80.6889 11.33166
78.16154 16.82074
142.46023 66.01487
129.0842 18.19302
355.23654 7.67253
46.24456 -46.37314
78.27565 15.03
256.57213 42.25433
81.40572 9.12162
37.52335 4.66217
72.46828 15.10187
76.82303 9.52805
72.47789 11.44223
79.70836 7.78099
77.72618 8.92018
76.28547 12.10534
71.12598 10.2143
226.91411 -44.9483
218.07385 20.30811
73.97075 7.53267
74.82498 11.75702
79.09161 19.29073
73.9863 9.2491
67.41056 -0.67616
69.27852 14.99911
358.3995 1.89547
193.55233 -28.45082
251.20809 47.35154
74.58619 10.6522
81.2046 10.47581
73.14367 13.11269
72.0034 8.46212
35.41749 4.71959
280.67988 -38.73361
256.65955 56.04852
76.59735 8.90874
79.09152 15.79232
73.59645 7.47435
97.4431 -71.21935
296.33856 -25.34866
3.509 -5.14684
81.9521 10.28813
55.91524 -82.35676
197.8523 21.76953
359.58581 -38.58794
345.11043 34.30816
206.01638 -26.62048
78.21119 17.85951
276.27361 -17.61436
82.64379 10.76951
216.96953 -33.72746
112.0229 -22.44783
223.38845 -35.15345
157.78135 5.02601
275.57855 -28.60732
248.51284 -12.6327
315.62348 29.04746
75.35385 6.68858
80.61187 10.34778
348.34536 32.32096
71.30223 10.52293
73.2573 10.71393
134.81493 15.65308
79.00897 19.07517
75.64407 14.23267
3.3426 -2.07105
2.6247 -1.83687
270.39884 61.66737
70.20931 9.21589
272.24323 5.6589
79.17135 17.88953
83.72613 12.80293
80.05008 15.00864
82.46119 48.17377
77.02002 12.89296
134.5097 -55.40924
77.40578 17.05235
337.79062 -24.9202
72.93325 24.35774
215.89677 -28.49413
73.37771 18.74477
230.89636 66.45634
163.23791 13.11996
74.85588 11.88448
169.94418 -54.44177
55.46741 23.27765
218.15071 17.28798
78.70435 12.75822
69.97316 14.47665
75.63245 10.60971
74.17444 19.02783
64.0106 9.41869
76.15143 19.69439
138.93411 -61.16767
78.28132 18.17379
214.25329 23.04731
77.76651 20.14233
83.15616 12.6227
79.29221 11.6333
263.92264 47.66804
72.58052 14.5822
267.36972 -39.73385
275.57855 -28.60732
172.89486 -23.37696
246.92255 -75.5342
211.54865 41.24964
356.39331 -28.1166
79.31782 12.05195
48.99978 -58.32068
159.04576 -84.27097
76.08667 18.06408
75.9239 14.64718
328.46185 -31.99284
327.11621 54.08446
81.41906 15.79943
72.29321 18.00052
330.01703 -35.68168
75.65661 14.04353
331.29531 -53.10239
3.39212 -7.80957
76.59871 9.14384
299.6881 54.34518
282.7301 19.60977
213.80335 36.79663
154.38952 -0.8123
70.90471 9.24415
251.41253 52.9432
79.57728 12.09288
224.6733 -57.2719
6.4233 2.8314
79.57854 7.23801
0.02901 -1.06373
69.97316 14.47665
301.5875 38.43228
73.37692 14.57345
234.56776 12.82251
295.32399 -28.52495
285.33397 62.74727
355.72868 -20.04121
215.35863 -19.05301
118.49488 54.63193
75.4807 10.08954
290.11119 -35.877
102.34143 35.90788
80.85211 14.63665
28.02639 -43.7286
292.80268 -8.07541
69.4411 13.05368
261.02749 56.98688
216.55184 54.65237
73.15953 8.57962
274.33495 1.25835
215.64575 31.83866
337.2469 -51.44875
73.92797 18.46832
215.81744 -2.52763
168.1505 -31.03317
48.93602 -57.17935
73.42429 12.48421
246.14631 39.55682
71.62046 15.86299
260.68043 -0.18559
75.31275 17.15588
277.70079 22.03395
73.24044 12.43412
77.95933 10.38166
261.10589 63.11979
56.87831 -56.95485
71.4054 11.99669
78.7526 12.92101
223.03598 -8.88729
72.56961 13.41465
172.81975 -13.44593
173.69037 -32.1709
79.77512 13.79022
15.63799 72.66307
74.33875 10.12709
80.03172 7.66324
76.71693 7.73748
78.97779 17.34816
75.39413 16.28111
77.85752 11.79362
272.90839 -48.72408
105.28992 1.64262
69.16849 46.94447
69.2523 14.9037
228.61506 -18.44091
45.74798 -48.18707
72.46721 18.62824
241.18153 -16.77741
291.30742 43.15288
198.37152 67.81292
80.77053 10.34936
60.50165 -22.3345
290.36745 2.98047
155.49874 23.16543
76.24955 13.78052
112.43817 0.97076
90.16373 60.6447
40.44072 -3.28372
221.98588 26.70482
74.60654 10.65046
72.01795 8.21752
281.0126 82.37965
73.54712 10.86393
1.76466 -4.63415
204.70286 41.32122
75.69361 7.89379
280.78472 24.19215
71.83506 13.74892
80.37293 10.80167
69.76878 9.67745
81.47969 11.41579
74.55066 11.42713
75.93297 8.22729
358.6328 1.20327
280.67988 -38.73361
212.37415 -1.74447
289.87654 -41.17624
75.17704 13.19467
78.04679 19.67348
272.24323 5.6589
58.47975 57.3363
80.05008 15.00864
80.24936 17.40063
68.65619 14.40649
314.43361 -10.93111
47.69523 -47.84963
119.44578 27.6549
300.25458 56.26458
80.78005 9.39004
217.62487 32.24587
75.10743 13.17249
76.65702 13.67995
221.02463 29.7879
77.26281 15.13411
349.65854 -20.57244
71.78308 18.40861
287.43448 -23.51453
74.45609 11.12886
81.68674 10.23657
3.12842 2.15616
76.80898 16.32186
0.37632 -3.11294
138.93411 -61.16767
295.40017 -5.33388
353.50394 48.2726
80.59844 7.93149
78.26557 7.52261
78.78512 12.26418
225.29062 -10.02069
359.90973 1.94743
78.21119 17.85951
74.0723 16.8434
79.90117 18.01445
80.99304 11.45268
70.77221 11.39023
75.81741 19.52171
144.09842 6.09973
216.0731 32.70262
81.52166 12.2882
78.91187 18.61756
70.85949 9.53998
77.67308 16.90563
261.48531 53.45096
3.21405 -2.60423
273.98618 -18.60529
1.84965 -1.67021
78.27565 15.03
26.28216 6.28959
81.6927 11.3594
273.98618 -18.60529
78.26193 19.77727
70.42692 9.78974
355.16562 22.29893
71.20838 8.90471
277.73064 27.58074
81.7403 16.74464
297.36997 -15.91403
52.00313 -59.63511
2.26337 -3.1186
23.65252 45.33887
75.56386 10.52882
20.64911 -40.44359
77.97968 17.17443
90.54823 -58.23281
275.10711 -38.85259
79.86512 7.4819
158.63533 26.68924
82.19331 13.13472
190.92869 44.53647
55.92403 -8.60952
80.68423 11.01842
253.88843 22.08045
76.08999 6.33882
350.87055 22.68096
80.67164 16.28256
75.61681 11.39306
247.35039 -11.80099
73.37626 8.73475
121.00202 53.47917
185.11257 65.43126
1.7258 -3.49568
72.26222 11.23653
71.7371 13.73968
75.35176 8.24842
70.94994 11.12526
167.66158 -76.24728
73.29961 12.91726
80.56864 14.14282
1.86251 48.82969
54.84095 10.37371
73.9863 9.2491
66.66394 4.16881
324.42967 48.1527
0.54581 15.80164
78.63822 11.53493
73.41902 7.26637
77.96982 10.31965
215.35863 -19.05301
71.29732 10.16384
190.11761 29.09234
344.16455 26.87929
77.79017 16.79191
29.45803 -44.42343
121.59773 -1.62965
313.85994 -34.67202
155.26292 33.91958
12.65304 -36.80401
355.48042 -35.84922
289.87654 -41.17624
351.84167 1.41002
69.90191 16.51184
257.52693 -21.78048
264.98752 55.25008
290.90669 -0.63069
277.73064 27.58074
75.56386 10.52882
73.6759 11.49987
71.69945 10.26621
77.15811 13.34189
247.79386 -56.82539
311.46398 -79.00849
74.25482 11.29385
80.58117 10.44242
172.11406 -16.9613
62.58916 33.53751
73.64385 16.17103
1.98637 2.11254
182.93672 15.13189
243.74636 -41.20214
279.09436 -59.46088
74.30416 8.12813
253.57668 83.62475
77.95933 10.38166
306.57222 -19.26305
240.91689 20.62174
120.76211 -11.52565
78.26193 19.77727
358.86307 -3.03947
72.30607 9.13322
74.0723 16.8434
71.00646 17.44261
275.96023 -20.88796
99.78434 34.55883
202.77723 35.76402
263.70129 -11.70976
70.4517 9.05558
30.55222 -80.57935
78.80407 9.88428
79.6461 17.55834
230.84909 42.72934
149.72351 -78.75503
356.03012 42.11025
207.78938 26.8561
65.1639 18.83013
254.97594 57.73789
289.64107 -60.12739
70.27663 9.72841
276.55851 24.63718
219.66063 -16.96484
13.67168 -2.00978
69.75527 14.51069
70.84335 9.79009
214.18022 32.3837
216.0731 32.70262
74.28379 14.90333
75.07597 9.54253
72.52276 11.73741
73.09059 16.03365
205.77785 32.48411
71.92848 10.45298
78.95465 11.58456
232.59266 56.067
261.99981 2.71409
73.34339 18.16052
105.31987 35.99152
268.16257 -59.18287
279.8541 -23.40952
76.88378 19.2323
333.2377 70.9386
209.71654 -2.39199
73.08205 13.31439
79.85715 14.99901
0.55685 -2.06591
285.97627 -9.40158
124.74559 57.0861
77.75575 11.23122
245.84326 28.2507
232.28858 55.10278
345.98514 10.84575
198.21513 -27.9555
202.73799 11.65314
76.22605 7.98316
282.5716 21.0893
138.05768 42.19051
71.19269 12.60684
144.57834 -36.20556
325.90163 20.09936
215.8726 -45.26015
130.72775 -46.03596
80.18131 18.89697
294.09085 -35.75792
331.22833 20.29202
47.68869 -17.30896
103.86457 19.36777
77.26281 15.13411
163.93545 41.83189
285.3953 -22.91722
119.58108 51.16066
83.80503 42.94793
80.12419 17.50958
277.04494 13.48821
316.58254 47.50561
252.72353 46.06148
80.53919 9.96232
18.84069 2.35367
79.75291 6.70496
215.56882 31.86855
250.2937 -13.32514
120.13142 -56.3562
205.82396 34.58078
80.34362 18.81793
110.7298 21.68584
209.2072 63.07361
74.68894 9.85217
74.4723 6.90783
76.83877 12.19619
71.19269 12.60684
0.36661 -2.99212
207.45808 57.99257
78.35687 11.07277
76.76315 10.23146
322.27085 53.83847
213.091 31.22796
120.79104 -42.3953
124.73557 13.94549
76.08999 6.33882
81.63717 10.67286
283.25037 61.03534
302.69417 -5.55411
78.35687 11.07277
52.42181 13.45455
79.246 13.69152
216.0731 32.70262
15.57751 -26.21481
79.95374 18.383
76.10545 9.41182
356.41218 -50.30085
75.96152 13.27861
186.31902 -55.8753
73.50289 16.42408
91.1691 65.85622
94.51584 34.73235
82.0192 10.90069
78.67776 51.36226
70.54989 11.01831
78.59537 7.95154
282.54664 48.59416
74.95576 12.99462
3.0586 -2.04713
223.54147 -41.61299
268.81455 -30.34064
74.93061 13.13633
292.60786 52.73956
69.20767 14.28248
175.78305 63.3677
307.71909 -23.31633
70.54989 11.01831
75.87463 16.60325
78.91187 18.61756
54.91727 25.744
26.56133 -33.28171
185.96381 -5.97486
313.5829 55.91096
270.15662 59.55577
64.17496 18.61112
71.75047 16.47671
76.65408 13.59658
2.48555 1.503
112.50389 -22.47358
75.96328 8.9447
4.57334 1.98115
75.01611 17.95838
82.69101 11.94451
80.13841 34.09023
293.44815 11.49757
102.97614 31.02766
320.61514 -44.11082
80.84382 10.05477
80.87004 17.29263
185.34317 -13.94236
2.26178 -45.39233
69.881 15.11355
72.45315 9.64965
76.90536 10.80439
214.53387 -40.07156
4.80724 3.13548
243.60243 -8.84384
76.89006 20.43192
278.77914 32.53367
77.52235 13.09727
70.24138 10.3349
83.4802 12.88805
76.6116 9.4666
330.5855 53.97598
3.83406 2.33632
76.9416 16.20868
51.96923 32.1149
151.4597 31.87904
74.88051 11.63869
75.19741 16.64256
224.27222 -36.65384
75.2479 9.73401
152.06806 -13.11341
72.86159 20.20993
70.24259 13.55144
86.18537 -47.03849
2.58566 -3.54923
168.29963 29.3298
74.29503 10.41212
71.6163 19.13655
268.56582 39.10605
110.0336 40.76171
83.15616 12.6227
76.14092 17.03042
170.51373 -19.5504
76.20242 5.94739
73.24044 12.43412
75.87728 16.49419
0.70525 -2.3654
106.41269 -21.05141
47.81277 -9.85535
4.81028 -3.50129
74.43727 17.84364
234.56776 12.82251
290.576 23.94395
77.35144 10.09763
123.06375 -28.1432
274.20365 -17.65147
81.99268 12.47127
70.79123 10.25091
80.37016 18.81834
236.20496 80.491
74.67646 10.22955
1.51324 -1.71303
75.50719 10.29406
78.5199 8.17058
341.6211 7.21242
73.30625 15.54303
279.10045 15.54215
322.36284 -4.8687
42.94366 -49.1871
53.48367 48.92412
136.89331 -4.05517
345.11043 34.30816
78.12992 15.67408
129.07585 -52.5008
78.17318 10.02584
155.55181 -10.9002
146.96803 -13.02973
74.95576 12.99462
82.33516 10.40509
144.58681 -38.53616
79.49374 11.69927
214.13004 -47.04317
78.44535 13.16131
261.96005 -37.32334
0.23449 -1.33358
356.533 2.97688
340.07657 -7.91779
212.27401 26.5165
112.54668 66.75298
70.55188 10.65199
77.13885 13.54734
144.23679 38.68495
205.27646 35.67859
187.75857 -73.99475
335.72494 -33.08256
76.01081 20.30579
70.2185 10.02041
75.0185 7.37141
58.69121 -21.9748
76.0392 -27.75212
71.7217 19.39739
80.88058 11.81075
161.80805 40.91939
259.72931 17.78428
78.24464 10.21207
76.48359 20.43475
78.35687 11.07277
83.72613 12.80293
71.5641 10.97902
289.11701 63.78688
77.64775 10.70294
71.75799 10.60929
82.1743 16.44236
27.94935 -40.5046
71.38452 9.4126
1.40198 -4.00491
75.76884 10.68732
75.75719 9.35942
138.83237 -16.44854
77.47459 11.49583
77.30341 16.67763
284.88498 27.65117
80.09004 10.77346
82.64032 12.81989
243.01044 -21.83176
71.27937 13.08704
254.68749 27.86969
75.64356 15.91971
42.94366 -49.1871
36.96748 7.41135
81.50262 11.67615
244.68607 -45.91141
178.39109 56.39325
166.75662 63.64403
83.42936 12.3128
78.86026 11.8369
258.36341 -30.61167
77.72618 8.92018
210.18832 25.31595
21.45369 -12.52792
81.59299 10.21915
214.33741 -29.22647
74.71852 15.33905
288.7508 61.0068
115.36606 -30.42933
55.99845 -5.67824
82.71749 16.13825
79.26947 19.25567
64.21591 -62.23886
72.86678 15.43982
75.12712 8.18427
195.0388 -17.02221
300.65384 32.19228
123.40032 52.27052
78.80407 9.88428
76.56618 12.0424
76.24955 13.78052
217.79828 35.80871
3.83406 2.33632
176.84739 75.01257
46.19654 -54.42267
74.61404 -16.11822
15.29849 78.08112
52.29591 21.78318
347.45078 -21.13143
78.14023 15.94461
79.00786 13.17723
298.93443 11.31345
118.39752 13.45539
277.3048 35.10611
228.14045 -63.46852
201.80435 16.44195
81.27691 8.37228
0.36558 -1.82523
122.87817 31.99853
259.77379 -42.01396
320.93525 -34.78162
72.43279 13.43002
262.91176 61.77713
73.9863 9.2491
76.1889 65.39358
2.70141 -1.95829
312.10146 -46.63356
276.21878 38.74006
71.14123 -14.66339
77.8255 16.24184
79.07172 15.80935
82.15527 12.91225
346.88498 -22.61865
79.17483 12.20049
120.44391 -62.20872
352.62682 16.53234
75.6941 7.7254
190.82146 -28.19798
60.96214 -3.92282
78.45857 16.58456
224.6733 -57.2719
76.28323 10.05381
75.56386 10.52882
272.92847 -39.67132
323.71825 49.0873
83.20069 13.81149
288.27326 88.99898
305.14033 2.48683
118.34647 47.98752
123.91754 -54.87207
312.08414 5.65692
73.05727 15.13897
7.63314 -40.25582
99.79172 -19.03641
217.97214 -23.27732
79.40697 10.75408
290.35446 -24.13856
135.28348 -70.71162
71.35329 9.44486
74.21755 11.72466
166.7966 -28.05348
29.48523 11.1881
75.92365 10.61295
213.05304 29.69759
72.72814 18.31341
4.10436 -3.27943
78.5199 8.17058
245.08569 44.7158
349.14117 -12.08426
78.48019 37.48188
133.79881 -32.7211
1.79259 3.57501
250.09761 -33.5212
76.76629 10.44221
183.72406 -10.25307
206.04093 -39.7342
73.2066 13.355
30.61159 31.49074
74.2274 10.52134
1.04163 -2.0354
200.54899 30.42848
80.91089 10.10838
79.30359 16.14187
74.08669 7.85257
16.10079 -7.54107
51.67711 44.52161
251.92684 -19.22886
77.09588 18.40058
241.19241 -31.20101
69.46155 14.99461
69.33061 13.51035
238.74447 46.54575
78.45857 16.58456
75.41102 12.04501
73.36636 -2.65449
142.69396 51.60326
302.75229 2.97931
69.19995 9.7193
292.50808 -29.77608
100.16678 66.69255
203.39812 -29.82337
84.33493 13.06442
263.28467 43.23793
81.83486 10.77239
73.37626 8.73475
73.94724 12.9292
76.53023 6.53422
247.00209 -5.65081
72.30493 10.25746
76.12806 9.2575
73.36096 12.89062
44.60924 -4.30987
80.5095 10.55253
67.07416 -61.11327
76.46837 17.83069
78.47948 17.6986
235.97962 59.6076
327.7775 18.11147
72.70578 19.0988
75.3306 10.65054
359.42174 -3.59284
5.51512 -20.48764
73.51645 19.58672
351.01645 -24.41861
74.836 18.44477
124.68489 42.57306
75.04428 6.78475
214.06388 28.08959
74.54269 12.39401
133.1677 -40.69577
84.01871 5.79753
213.22491 -9.16321
182.56518 52.60053
52.5209 -49.98864
55.652 35.56176
319.0805 47.45593
78.0353 18.21023
78.26219 7.58873
72.14102 13.15584
216.49965 39.62439
223.54147 -41.61299
102.58137 61.99018
171.7948 -24.41615
80.67491 -53.68469
296.2183 -36.04411
78.81162 13.97444
73.05327 18.95671
250.09761 -33.5212
300.82877 -58.18845
80.09266 18.13155
72.10913 17.21866
76.76629 10.44221
81.74767 17.97109
18.16751 6.97417
0.66317 -1.2815
71.75047 16.47671
339.18433 27.3871
78.26085 19.68363
79.55824 18.57532
82.13508 12.11636
351.09757 -37.30371
72.32643 12.80585
116.69017 -18.44687
289.06331 -32.93009
213.24587 27.55072
74.22764 11.94515
187.21879 17.19879
73.25046 12.21177
321.26759 47.92235
80.46622 7.9355
210.42057 -5.26125
298.86551 58.75489
70.58601 11.39483
76.97927 -66.12882
43.85785 -30.82613
73.24044 12.43412
149.22209 44.35805
81.16841 16.24171
72.27105 11.64822
77.57112 9.15634
77.95395 17.20394
3.29979 -72.33626
125.91346 3.37092
155.08853 -57.95664
79.37647 12.35796
75.35254 7.9012
80.78081 11.67812
257.71555 -52.58518
70.11203 -37.53603
74.32823 14.22116
71.47973 10.36849
76.89558 19.46173
71.64555 13.20337
172.29324 -27.78104
80.18831 18.78346
76.56618 12.0424
53.9463 -30.34854
78.66806 15.9007
138.9742 -40.23345
83.14184 11.64093
328.46185 -31.99284
158.83659 3.39851
126.53894 53.0814
80.93539 16.96458
201.66944 6.3173
339.10272 -9.54226
61.33593 -53.19847
279.08815 23.78659
76.21619 17.64003
115.1667 -31.43019
243.29836 -42.91686
161.55108 -31.09476
76.91718 12.54674
351.88911 26.78098
115.00859 5.43873
74.73194 17.36479
200.68939 -19.9431
73.1433 15.35579
273.92807 -53.27814
83.79582 13.19003
237.89791 16.64313
80.68512 11.53087
76.70687 16.16963
69.05421 14.28192
214.33741 -29.22647
72.05393 12.35491
103.40597 22.68433
76.15849 19.80583
294.66043 -11.9871
72.84822 18.32302
188.52686 20.63935
70.79731 17.17283
206.08628 -22.18146
51.7416 -59.00541
81.1449 14.72419
70.86873 9.55665
287.94231 2.95274
81.29698 11.05005
0.15599 -1.95679
79.12551 11.26477
72.93478 11.52808
2.41734 23.58167
73.92797 18.46832
206.52768 32.74444
285.58634 61.20318
80.96007 15.10953
70.48314 17.24444
112.38231 37.51495
32.27249 26.15047
309.74334 -19.58207
78.98169 18.29475
76.29601 11.3814
191.18698 54.54018
77.20505 17.05193
77.98305 12.28194
211.23645 17.61294
73.01937 7.63044
341.69196 -58.71051
0.67689 -4.74007
61.33593 -53.19847
233.59134 -40.39974
71.36435 15.34854
185.30741 22.73004
154.33809 -55.52893
37.74453 5.926
79.97169 8.65569
79.07683 14.52091
204.04525 50.24481
56.66204 -22.17916
219.40614 30.9192
123.91754 -54.87207
149.84929 29.36828
304.65803 -40.74999
210.53871 -63.65019
99.78434 34.55883
354.63158 21.27273
271.16031 -60.52943
71.0526 17.2836
350.73677 18.77075
80.42341 18.40736
80.43622 13.14169
122.60131 -75.7992
265.61638 -6.82669
108.79873 67.33047
78.04201 11.53556
207.81493 -11.12207
79.93767 9.97076
75.62729 11.21739
81.56379 13.98632
35.51789 33.53099
223.38845 -35.15345
79.88642 15.06379
79.31186 14.91275
72.54413 7.84665
78.36431 12.6107
254.20063 36.30503
286.62549 -26.50544
71.39829 9.25314
20.81376 2.50674
67.79677 -3.54356
230.84909 42.72934
68.74506 13.92633
1.31944 -2.2738
358.65154 -3.36874
72.7837 20.17847
318.13687 46.56042
269.335 -64.68633
74.72295 13.04119
0.19492 3.0665
213.01042 -2.17853
83.11258 12.36242
80.95199 9.68715
63.27132 3.58055
80.00709 11.66115
353.51966 3.08419
44.30037 -14.22203
106.75582 25.49556
56.28261 34.77496
76.07194 9.5933
75.77244 18.56374
303.42806 16.28136
177.53178 -8.39006
82.60779 13.6471
3.31221 -3.25204
273.73658 -39.47193
148.09714 5.62845
77.78923 19.68957
76.7283 -5.45544
167.00289 -34.61159
78.69759 10.76136
281.0126 82.37965
71.37602 9.84658
3.77138 -2.52892
78.73432 8.46112
277.0269 -44.84798
79.87396 14.53536
141.30331 -9.07471
80.80071 13.51572
78.12992 15.67408
100.75436 -69.84117
81.43624 12.70334
41.59543 -47.14354
120.73677 -22.64223
130.09141 -37.18978
240.63519 10.07299
357.07727 -4.59238
72.46181 12.58685
188.93782 54.51058
239.35512 -18.86685
189.96459 -19.66114
77.48226 11.99414
74.01673 -55.10884
69.4411 13.05368
93.08126 29.1513
0.90149 -1.96921
76.49308 20.02263
71.58697 16.61311
320.90869 19.31718
305.02208 10.37061
76.5148 16.05709
332.55681 -47.96855
87.24859 -55.87877
81.32513 10.02398
72.46721 18.62824
270.09987 -42.00943
166.7229 -32.53764
76.22605 7.98316
318.44307 -33.04892
357.89166 -3.84811
258.64602 12.91685
282.91232 54.24973
75.65661 14.04353
318.24947 -43.90616
110.52101 -2.50297
142.89047 -17.87153
79.06848 19.19561
113.38302 -86.96771
20.77828 -72.59431
337.02981 -26.03035
148.58523 22.70153
174.74941 -19.71256
77.14669 8.38649
85.7629 -22.07634
359.80543 -2.78697
89.60271 64.52011
336.16647 -48.05511
79.95374 18.383
257.52693 -21.78048
70.58352 9.22104
81.04443 10.72541
68.98012 14.48974
336.931 29.77712
81.56853 14.73259
73.57259 15.72302
287.23667 -25.3491
85.74578 25.01309
311.85177 44.08875
78.24401 19.96859
79.76901 12.17061
283.21256 -26.99058
80.67491 -53.68469
74.33875 10.12709
181.1789 -11.58155
90.03921 -48.72579
20.54287 -1.35959
144.99499 -1.2203
301.58794 -41.88837
78.30327 14.44144
335.05211 55.81739
281.66644 56.0218
77.95395 17.20394
76.67999 17.99282
76.48359 20.43475
74.30084 11.01535
80.48988 18.81626
213.12817 64.14605
73.92797 18.46832
298.93443 11.31345
322.75465 50.98859
86.25034 36.57582
1.94444 -2.27454
286.60409 55.93047
76.41857 17.56485
114.20277 1.62237
168.28983 29.32831
151.35882 35.95654
73.11924 12.26247
51.1829 -51.35123
236.81489 -20.73806
275.57855 -28.60732
291.77668 26.25398
80.55238 10.81847
76.67 18.9943
78.74817 19.22697
1.00041 1.3525
44.72122 -51.37977
79.09376 19.50898
292.35223 55.65723
83.23303 11.50532
71.19357 16.60734
77.54717 13.82547
75.37524 8.34989
1.67164 -2.47217
87.00512 -60.07625
80.05008 15.00864
79.58545 16.96872
330.5855 53.97598
79.5885 17.75101
80.12385 17.5225
83.93458 13.53223
75.7459 10.83017
321.5814 -66.38756
76.6273 9.61971
24.36018 -7.57187
240.30179 57.82145
74.02528 10.42657
300.65384 32.19228
160.61794 68.91636
74.07265 11.25011
83.10163 16.47821
87.77533 65.81876
72.81063 8.18819
290.83817 51.87879
75.63372 11.87922
72.56961 13.41465
73.13666 11.62048
358.10757 -2.88066
9.59427 55.65506
240.54807 -46.92998
76.40024 7.41391
14.61325 -47.99934
181.08665 21.4426
228.68876 -11.79597
79.12551 11.26477
78.5199 8.17058
72.67602 7.62358
76.8781 6.81805
64.76846 -31.07334
71.83343 13.46754
215.89677 -28.49413
70.72418 11.07784
81.7403 16.74464
83.72613 12.80293
327.07069 7.38103
343.71918 -55.07162
209.82242 25.84832
204.73491 21.77329
258.09213 -51.95852
74.37632 10.10439
357.28914 -84.10376
74.29026 9.30881
78.0844 5.00609
78.70435 12.75822
117.87387 20.86147
76.85046 21.14301
0.68522 1.10716
3.59785 -2.90361
337.50306 -42.11036
74.70457 17.385
78.89353 8.95858
350.73395 20.36823
75.64407 14.23267
74.60426 11.38109
71.10629 66.0563
243.75063 -5.70925
78.04531 18.27833
52.34827 -46.96648
1.76466 -4.63415
2.95282 -3.10446
79.2337 14.49447
75.97216 8.94975
194.28568 -10.06986
80.96007 15.10953
74.71852 15.33905
77.56786 16.73486
146.91654 -70.05717
81.72606 11.23255
81.69041 14.83753
81.17194 14.60846
74.6998 16.90627
80.07995 10.40755
248.83207 -52.70009
211.19186 32.82069
76.1613 8.13328
74.78993 7.24455
77.41261 11.65774
74.98872 50.45641
69.94431 14.0381
78.35619 13.20021
211.41719 30.78517
94.51584 34.73235
76.75649 9.81139
60.99426 3.8068
3.34702 23.67715
81.72606 11.23255
71.83506 13.74892
83.79725 13.4167
52.17526 -1.21527
70.25324 11.43245
73.38556 13.19653
176.51065 -15.11435
143.57787 -7.80756
35.19027 -34.92739
259.39432 23.62895
91.1691 65.85622
246.79531 11.19034
327.97536 -21.13931
82.50635 16.57577
167.93593 -26.96767
69.992 16.65844
69.79641 13.3096
82.3911 12.96444
109.34478 62.26188
74.29744 8.674
71.88436 18.84996
300.80214 18.51297
78.81162 13.97444
101.69746 -2.10233
328.42726 -8.15801
77.77232 8.27018
75.80288 11.21701
71.1961 9.57319
141.96135 28.73594
76.66971 13.79347
73.69945 13.68998
162.26717 66.29729
25.73857 66.33386
74.54275 14.53038
71.94353 10.62298
73.59131 13.79639
72.26222 11.23653
135.15193 28.11769
81.14917 9.78928
224.44468 17.22912
262.77663 -45.32001
77.7651 12.29145
26.64778 -41.56363
356.21167 75.09922
70.38182 7.98072
74.6617 16.724
198.4566 66.38538
72.52602 12.07928
69.71519 -56.64891
280.50197 54.06962
81.90592 9.3646
72.96906 12.96763
90.75762 32.5891
243.58929 -40.72788
221.87205 -15.18304
357.11306 2.92661
185.82097 62.2333
75.48527 10.16352
46.20945 57.3337
251.03691 -3.39354
79.92744 18.9896
54.70574 34.84643
285.59227 58.15001
327.99997 -17.62183
74.55033 8.93139
75.41525 16.99071
49.58846 26.9685
177.46304 -22.84925
322.41694 50.09504
79.65084 12.58043
71.72318 12.45793
75.78378 11.30666
176.68976 -15.98175
78.58093 13.1131
307.99356 3.82372
76.59735 8.90874
77.61384 18.69367
273.41568 -31.03364
40.6105 -54.55938
79.05989 11.0467
232.27915 -10.52264
73.43862 9.1964
75.2555 16.81761
80.93278 15.10199
71.60688 17.34751
288.70144 -4.55163
322.30706 39.24434
296.84098 57.47166
311.21577 39.43782
72.54342 9.28857
19.45003 -13.40289
119.32544 43.69667
79.30454 12.25592
75.3761 13.8754
344.46401 30.24863
78.35018 15.1024
75.89964 8.2812
78.05534 15.7215
267.81121 -14.13481
80.83058 7.90528
359.92169 -3.45246
230.84909 42.72934
93.97119 48.62777
73.35435 7.47643
80.80955 -64.9803
78.47034 19.96081
216.0731 32.70262
75.42234 15.9877
79.6509 15.30878
150.07156 -12.27336
82.59443 12.74966
74.4723 6.90783
351.16485 -28.2351
119.4454 21.68276
274.64523 22.22073
81.95569 14.60315
295.18424 52.97976
57.39839 -55.9696
77.2472 13.51221
89.24153 -63.8099
77.00583 18.99813
71.90119 13.00518
54.40658 74.81543
15.62553 -29.40279
4.20225 -3.01439
357.28914 -84.10376
123.40032 52.27052
79.35114 17.25653
74.49731 12.48017
71.50909 15.17842
314.43361 -10.93111
172.51277 -3.36514
78.21427 14.80518
83.8604 -58.48637
234.21914 -33.03266
75.1612 8.23109
79.82831 58.02919
72.78095 16.76278
212.73798 37.75937
133.5115 8.7807
268.17465 55.70341
78.8664 7.74266
132.80593 -60.92611
77.26389 17.07331
95.83026 -77.87825
71.64555 13.20337
307.55664 15.3979
343.29726 -8.63627
279.70959 -69.32147
74.08635 10.62548
107.92271 -24.33642
72.02363 9.85538
71.67536 13.19907
77.32371 30.23037
81.32513 10.02398
79.07683 14.52091
60.99426 3.8068
204.57384 -23.12615
82.11766 12.48135
82.61406 10.47604
208.0021 -43.37801
78.20628 14.89907
76.27255 12.15844
123.78731 -14.22589
69.46669 14.74064
306.2561 11.52291
215.33882 -2.10712
296.35814 -49.90031
70.51465 10.10013
163.30436 -5.02267
81.87731 9.70399
17.37913 -19.62467
78.97779 17.34816
69.65882 10.40856
78.51337 18.6639
50.77372 -18.71284
78.79138 8.06131
79.26853 7.28213
74.92557 10.31441
258.36341 -30.61167
79.35114 17.25653
5.94504 -9.05461
83.21827 13.78271
348.34536 32.32096
336.10326 -43.0374
152.77829 36.58395
313.7951 -80.21632
268.81455 -30.34064
305.02208 10.37061
78.63308 18.00509
96.52467 12.9941
190.1461 -27.59176
269.75814 58.53482
318.06196 19.20844
173.63114 -21.53476
65.33875 -71.16224
2.32202 -3.23785
85.21298 16.31045
87.52859 -68.28074
293.92489 -48.35566
250.2936 70.02217
75.89627 10.98346
78.15314 11.76093
2.7292 59.83597
77.75717 8.2785
14.50487 -16.7282
79.4828 14.07858
82.45718 11.74957
132.94761 -63.03714
71.75799 10.60929
78.99551 12.41248
344.46401 30.24863
128.14176 -37.00328
0.67004 2.33357
48.86201 -54.50874
316.08925 49.16582
81.73931 14.43882
43.6525 48.78301
282.19917 63.35883
81.43624 12.70334
236.34107 14.94722
281.0126 82.37965
299.40708 43.51326
319.09478 -65.53602
13.88354 82.97723
79.09376 19.50898
210.90176 23.63646
103.58251 1.39727
92.7646 -35.57552
130.65883 -48.80249
74.87605 17.53304
292.80544 -55.69407
309.86291 31.03112
164.03214 -15.91074
279.92015 -74.38858
173.07319 -73.4424
78.25942 20.34266
73.24253 12.12678
297.69653 54.75208
289.77763 60.81426
74.55274 8.67095
357.28914 -84.10376
101.1887 39.99489
97.14496 -21.38256
79.9197 6.55518
318.30205 38.7366
134.80295 -55.43141
70.79118 9.7134
97.32585 22.50726
71.89137 17.08228
251.87109 -52.90138
259.27385 58.5071
93.97119 48.62777
146.52712 49.86723
139.67128 -41.04386
78.33698 17.73532
69.42083 12.821
106.14833 10.16235
78.99024 11.71993
330.23401 49.04154
99.98716 17.72195
175.0829 -50.0642
211.41719 30.78517
76.70486 10.75802
92.23763 -72.63944
76.507 13.45626
74.73093 17.25401
76.09952 9.91121
76.67999 17.99282
73.53491 13.14527
75.86883 14.3873
75.71488 7.67792
47.87662 -41.34818
69.82072 16.12696
75.54157 14.30978
2.81609 -3.95413
80.45898 10.28553
71.4697 17.37988
81.53022 12.43657
14.08223 82.4285
176.61237 -29.48306
107.66141 -21.01388
207.9912 29.41388
78.0678 -54.24391
79.09161 19.29073
101.69746 -2.10233
70.9172 12.14032
126.69567 21.70691
302.69417 -5.55411
75.23947 17.39498
337.65749 74.0991
318.80629 -2.92076
86.45885 -56.97306
73.86962 14.91811
77.61218 20.25106
80.87004 17.29263
79.32401 7.76339
94.64478 24.33732
77.4418 11.88612
340.05994 -11.4985
87.04635 10.30093
188.35206 50.92665
75.73922 13.64629
12.01411 -40.46332
290.87617 55.85724
76.90346 7.52807
75.89955 16.11418
309.86547 -60.47939
287.33035 52.72248
75.99577 14.6904
125.83275 -42.52809
69.4411 13.05368
75.5098 7.04077
73.26258 16.04522
268.56582 39.10605
77.02199 10.77493
245.04538 47.48286
209.2072 63.07361
71.65202 12.75709
77.15239 13.63209
333.38496 -9.75953
79.90214 11.99897
262.77663 -45.32001
244.78968 27.07122
71.92095 17.14324
157.24389 36.96199
236.62565 -18.07374
210.55638 74.57238
126.58855 -63.0179
74.08992 10.26137
185.99827 -69.01004
300.0371 72.60142
73.68708 10.97438
47.92889 -51.9848
65.02085 45.2323
313.66815 60.16222
248.06382 66.64624
250.6186 22.2152
73.61151 14.24356
75.64356 15.91971
70.43639 14.45986
71.10178 17.26662
69.3239 -65.17333
282.34972 63.43666
298.34809 -35.34548
277.9167 28.50517
337.59323 -72.01819
61.15665 -11.47701
2.55867 2.25989
262.21007 1.08882
76.48359 20.43475
77.79017 16.79191
81.05735 10.90881
76.24058 11.54633
214.28896 25.58211
203.78125 29.53205
82.57663 10.48256
258.94613 47.48243
75.61222 17.29955
71.24425 10.34205
237.89791 16.64313
77.65836 9.07073
354.63831 -2.13155
74.98391 19.05989
92.7646 -35.57552
77.46634 9.81856
25.15299 0.66631
358.6906 -3.70602
213.01042 -2.17853
77.62455 9.70889
79.90117 18.01445
92.79178 18.21097
2.49423 -4.6143
299.05893 -20.20372
229.78855 8.08434
264.98368 -46.1432
159.30479 -4.25009
76.17636 8.99929
313.92595 -1.91805
182.77821 -60.77779
335.91879 -36.35873
75.7459 10.83017
80.36296 11.16647
101.40393 34.1568
172.29324 -27.78104
71.85484 16.19611
79.13395 16.24521
79.83412 14.50514
82.7112 10.68424
78.04243 12.42579
73.114 18.77652
73.42561 10.83253
66.68904 10.98272
95.32486 -12.02398
71.11017 12.70663
144.33075 37.87064
78.2799 -63.84131
359.8782 -0.32907
73.99484 9.45945
75.10403 6.6918
99.98716 17.72195
76.92475 8.54287
76.03582 7.98928
276.6617 -38.75182
79.80597 17.76123
285.86339 -64.9435
73.41902 7.26637
5.09735 -65.98674
103.55005 7.03023
319.96733 13.14448
72.93478 11.52808
31.04815 14.08585
21.4425 -36.02854
77.67236 15.92459
181.06902 7.32828
95.32486 -12.02398
228.61506 -18.44091
75.11189 13.59083
81.54221 11.62171
14.39883 -16.32996
110.38223 -24.44772
142.46023 66.01487
80.9124 10.5171
60.8638 -27.9514
246.50468 10.63501
32.27249 26.15047
78.367 16.14809
74.17444 19.02783
77.28825 10.62831
313.77934 -35.79483
72.30607 9.13322
354.77416 51.82305
280.78472 24.19215
72.26222 11.23653
359.0454 -4.05729
76.13477 9.15365
75.76022 10.76301
174.69627 63.10138
74.65839 11.8821
97.34365 -9.86299
174.22741 46.07492
267.02928 58.39355
75.77326 6.50778
3.68683 -8.4711
297.12181 35.70193
269.36675 -31.18031
77.41261 11.65774
71.68889 12.73285
205.62196 32.11222
78.69759 10.76136
157.38764 49.23787
0.84018 -2.13238
113.00653 32.63799
92.7646 -35.57552
69.25204 13.82103
251.41253 52.9432
168.29963 29.3298
70.4616 13.65968
72.01795 8.21752
71.30223 10.52293
115.80006 41.57754
76.88822 10.21625
5.4377 -3.02894
70.54989 11.01831
76.86991 13.34793
80.94695 14.55928
70.48314 17.24444
124.44019 -27.86735
2.67804 -28.65534
55.42682 -52.74736
6.09788 -4.30367
72.46658 19.46959
355.26184 20.12464
18.25721 -15.17249
281.66473 2.86438
79.67079 7.00333
81.69761 14.32619
25.647 53.59997
82.13273 16.87545
350.37986 2.76532
43.77685 -57.17082
340.69768 -42.07383
77.30447 8.90386
115.1667 -31.43019
82.81438 12.60425
74.49539 10.58195
73.68708 10.97438
76.87489 15.94425
39.73243 29.2349
246.79531 11.19034
75.96531 17.18501
186.5429 -13.02961
175.46473 -16.76569
70.17289 15.11288
77.2386 -59.71963
126.58855 -63.0179
74.29882 8.74621
76.00967 9.58157
274.95941 -20.18336
74.51592 6.8913
73.89816 10.50791
77.54123 8.44029
33.40059 -7.00809
75.50893 11.05732
83.11258 12.36242
82.04089 18.12452
1.68335 54.544
69.76532 10.19281
287.95198 -69.52189
77.61173 16.76274
68.83115 13.55031
79.12533 16.11474
214.2879 26.99304
268.76577 -34.55037
70.69427 13.69395
272.53757 -37.18491
141.10904 -9.96534
322.41694 50.09504
359.87916 -3.59183
304.05288 -51.46078
71.27274 10.9704
277.73351 -26.47947
70.76413 17.12319
78.26193 19.77727
56.66419 49.59735
278.00287 -18.33536
308.25189 -59.96092
69.88341 16.28889
285.47075 -60.62926
251.20809 47.35154
214.5263 25.64577
78.12992 15.67408
73.63905 7.4719
24.00289 -50.21556
115.11108 -58.2406
66.92249 -5.76833
2.38132 -4.70081
83.33558 13.20446
1.90665 -2.63192
75.15464 14.95975
78.49828 11.08565
74.02528 10.42657
70.10235 10.79684
77.31999 20.8037
226.75388 21.88046
101.44139 26.17781
281.0126 82.37965
77.32189 19.08852
71.51474 9.81839
73.25046 12.21177
0.78471 -1.60371
78.84084 10.58296
327.95632 53.16778
311.29973 -45.01504
231.64806 67.52286
206.47017 26.44954
168.49578 10.87165
269.63462 -29.15925
75.37602 14.31346
74.87605 17.53304
70.77221 11.39023
216.96953 -33.72746
99.3068 -69.41004
82.1475 17.80411
205.82396 34.58078
221.98588 26.70482
81.73773 9.07311
166.55171 -30.831
173.98885 -15.64797
72.72786 7.7195
314.63917 53.72709
16.19347 -19.33571
131.71751 60.39171
83.82219 -54.94703
76.7663 12.31008
78.45373 12.09016
75.93249 16.65485
76.28124 18.29089
83.98627 13.47297
75.61681 11.39306
74.99672 18.58164
202.77723 35.76402
81.7411 12.87628
311.85177 44.08875
73.20287 19.80508
71.92375 15.37287
70.95869 10.98805
94.23935 76.26869
79.63268 19.16689
102.02812 47.25803
71.10178 17.26662
82.20459 45.46907
76.67999 17.99282
73.9989 9.25568
205.36595 36.71614
354.07234 40.02208
56.30997 -17.98547
83.11258 12.36242
149.96765 26.12646
73.51949 19.64002
108.79873 67.33047
80.09266 18.13155
73.14702 14.72413
104.38782 18.61787
79.85386 8.43218
74.88508 8.99914
172.64968 11.93271
76.08384 8.00979
238.85649 47.08124
74.10843 8.34737
1.92632 -4.99338
14.08379 -21.46173
78.27209 15.36009
75.59227 -8.9423
79.97224 10.55535
73.61865 19.30376
76.08913 20.01227
75.1203 16.83141
203.53877 -18.38577
77.9071 9.55133
76.21619 17.64003
213.13155 -2.45441
1.26009 -2.62612
76.74286 13.05333
106.14833 10.16235
279.23027 -45.82079
261.42793 57.71659
81.84308 16.48159
114.28114 27.52448
70.10235 10.79684
20.77828 -72.59431
80.24708 10.59153
0.38314 -1.50874
76.80766 17.77788
81.50262 11.67615
291.21692 -77.33534
213.01042 -2.17853
275.41139 6.07085
77.63349 12.13853
80.54011 15.37282
78.72698 18.48573
73.31632 15.58121
195.0388 -17.02221
75.22928 16.63717
119.56432 38.72676
80.43297 16.56209
77.2472 13.51221
342.07898 -8.6634
82.16423 9.92543
298.34809 -35.34548
107.66141 -21.01388
78.09855 11.22776
276.98925 35.90172
255.08557 3.79235
70.40875 16.79215
40.17116 34.38475
74.19297 -52.73594
92.7646 -35.57552
313.85994 -34.67202
80.09004 10.77346
213.15088 30.02227
75.49897 7.46967
69.05494 13.96584
229.39967 -50.37343
74.05044 11.00115
121.00202 53.47917
164.50146 -27.54962
70.97329 16.7544
287.36784 -8.41018
77.68383 13.6788
71.20789 11.02727
81.86816 10.05858
217.77244 51.02802
2.95282 -3.10446
73.37771 18.74477
235.69993 -40.50413
79.49209 18.59261
74.92557 10.31441
72.1976 16.03463
77.26857 15.2527
228.14045 -63.46852
76.53241 20.37813
1.3791 -4.32098
323.69493 48.82989
248.83207 -52.70009
78.04646 15.20358
131.74451 4.2186
74.44132 15.04776
267.48348 -71.49206
80.28251 19.08773
76.26546 15.68836
71.96201 12.8219
80.15696 6.73189
77.04273 9.6939
75.19718 6.71527
73.03773 15.51005
214.37435 -24.04116
84.3018 13.02195
296.35814 -49.90031
81.14548 14.7035
79.2337 14.49447
81.36992 12.48273
78.47729 14.98902
224.11351 -21.24572
317.62367 8.17624
71.32161 12.75373
78.39287 10.79186
78.2779 10.19197
295.97556 51.00899
296.36705 -8.32378
112.37477 30.5774
76.74948 14.29626
270.2851 53.25718
82.33516 10.40509
223.38845 -35.15345
268.46993 55.22474
75.83798 5.83975
82.52041 16.72009
74.19297 -52.73594
77.39076 13.32569
73.51645 19.58672
289.23465 -2.34319
79.03919 12.17404
243.30951 -15.84807
75.89964 8.2812
76.04997 9.6861
78.57331 12.48383
324.60739 -63.64837
359.37612 -2.09312
252.451 55.3433
82.06217 10.70429
359.22654 -54.07399
75.02689 14.96701
195.0388 -17.02221
82.4858 -23.02991
76.0723 15.06382
172.49839 37.54198
72.52885 15.13516
118.33015 -20.60282
200.78923 34.69497
285.33405 52.65691
75.99132 5.96067
149.08514 -57.34698
265.3722 -12.86035
75.59135 17.39614
348.05236 27.59946
117.5789 36.65423
78.86875 16.2847
246.92255 -75.5342
77.47324 8.73059
159.57033 23.61283
78.79138 8.06131
210.57102 43.85096
295.97556 51.00899
12.94347 -10.34806
237.62132 -11.43574
175.38806 12.61321
206.43154 -27.47443
82.77499 17.33766
173.01083 -23.0516
262.26931 21.57897
253.32733 18.16388
72.46469 9.301
147.39342 9.07206
345.9806 -6.63429
20.81376 2.50674
196.64026 -71.4477
73.88117 7.43714
79.00786 13.17723
81.1983 14.59844
76.22605 7.98316
142.46023 66.01487
358.8755 -5.42183
72.52885 15.13516
271.18492 -28.86577
75.50719 10.29406
73.83352 9.60609
79.30454 12.25592
354.25134 -76.39546
78.17886 19.37193
273.5046 70.71215
137.97253 57.69918
321.98145 52.55328
9.7599 -57.9909
83.15516 80.44433
73.203 14.86746
119.58614 33.09145
1.13728 -1.76209
160.16347 49.12363
327.31219 -37.70513
307.27588 29.89103
289.89696 16.67814
166.76827 -34.57149
74.11024 17.07258
72.23976 8.87168
52.00313 -59.63511
313.48326 -38.44079
135.4706 -9.10798
149.72351 -78.75503
75.82304 10.91052
127.83989 10.92581
81.2566 16.35841
98.90196 54.39709
20.54287 -1.35959
80.57101 14.94053
76.12806 9.2575
172.89486 -23.37696
236.50396 -15.30712
73.74718 8.83378
48.06541 -54.37586
3.65449 2.98611
82.09102 17.72552
214.28167 32.73091
76.2298 17.46217
174.48697 -55.24995
78.83189 11.61179
228.663 0.07822
82.49921 16.20638
72.6536 13.59929
187.83159 69.57532
79.43306 12.6169
79.50293 14.43623
214.5263 25.64577
31.04815 14.08585
216.69969 11.87747
295.46265 -62.85069
74.16649 10.06814
71.19215 10.44107
53.56524 -27.63577
292.50808 -29.77608
71.83343 13.46754
234.24754 -31.63293
85.26894 36.91355
71.86863 8.63764
169.55248 -25.99734
223.26522 -17.86
80.88667 14.44265
172.49839 37.54198
75.8831 13.48156
229.05935 -38.10438
317.42953 -20.83375
79.62052 11.82546
112.96893 -65.9297
70.34971 14.16403
69.96483 10.84034
73.50616 14.33019
273.27444 19.78216
71.44115 9.64684
50.70238 -57.69594
260.19288 16.52291
235.01333 -3.29661
74.08669 7.85257
76.13477 9.15365
69.30269 13.78488
336.18087 -25.69177
185.11257 65.43126
342.01145 50.31505
107.22879 24.19546
79.26947 19.25567
77.63349 12.13853
317.88455 47.15133
342.22513 -56.29983
77.26281 15.13411
71.44489 15.69956
268.37226 23.15232
138.93411 -61.16767
128.80568 56.40846
72.98747 7.90013
76.88818 8.63544
73.42492 10.5562
78.48533 12.15345
77.25979 8.85504
74.36726 12.30128
73.4972 9.85104
3.255 2.07095
75.91261 14.94343
343.47641 -1.2319
81.92215 14.53543
78.86456 17.75645
195.67069 4.86549
78.78512 12.26418
217.3986 -2.43966
82.06935 17.47072
270.17524 -23.49177
275.90766 -61.95722
55.89444 -45.40318
80.13824 6.888
81.73773 9.07311
82.73316 15.90743
206.39412 31.59064
72.12006 15.95528
64.67106 51.85254
273.9419 -46.48356
72.83394 18.00328
274.95941 -20.18336
228.21187 -56.10651
73.99484 9.45945
262.84921 -30.62853
69.92349 14.84472
180.62567 26.93448
81.34803 -57.18299
272.24323 5.6589
72.26222 11.23653
236.57905 -24.13546
75.20968 11.48845
208.95981 36.83022
73.65092 8.58677
74.25808 16.92531
82.38598 12.91794
1.64781 -1.53209
27.30726 -64.29217
76.25233 18.18179
118.74068 -2.83394
72.47679 17.99014
287.59509 52.22842
77.50759 16.91904
213.07331 69.71294
72.12006 15.95528
201.4173 17.44627
125.89663 41.78828
80.44858 16.35836
75.69361 7.89379
72.28336 8.96715
252.78676 37.86975
5.3051 -70.81433
78.64292 13.0857
71.20067 11.86338
78.78362 18.18766
16.62766 -77.12348
78.69106 7.32198
356.73353 -70.48442
74.25854 15.22309
264.98752 55.25008
75.61222 17.29955
21.29696 -36.07191
81.68567 10.63302
81.54711 12.17701
83.30414 13.35928
24.53129 9.63976
100.61547 34.50626
224.96554 -21.08506
313.72034 68.39022
37.04172 7.79576
74.54275 14.53038
236.35232 13.83403
349.16814 -46.34872
109.54698 43.37255
110.73044 -12.12835
79.26947 19.25567
79.21593 -54.27961
310.11149 15.02765
72.70897 20.19416
82.06217 10.70429
194.2528 74.93234
0.07234 22.45095
286.66699 33.66562
349.62852 22.1208
92.44529 -67.73033
311.90842 -36.78034
324.41348 -67.74839
74.41131 7.18752
321.88332 49.93541
236.81489 -20.73806
73.01937 7.63044
79.5069 12.00174
81.52267 10.1103
357.28914 -84.10376
77.17571 13.93908
75.35266 11.7864
329.51487 -28.04356
71.79761 15.11555
261.12208 -46.53883
240.20756 60.40104
248.49513 34.75486
315.31134 33.60295
350.73677 18.77075
67.94152 13.36589
75.7052 6.59625
313.66815 60.16222
347.10445 20.91629
82.79837 14.05749
71.83506 13.74892
78.9546 12.01771
70.17289 15.11288
81.52687 16.88243
81.65877 16.2211
69.46581 4.67926
70.45457 10.55969
211.65797 -15.71602
72.38946 9.356
265.15647 -21.53947
75.08304 -15.08562
109.90724 -3.20073
243.59017 51.77727
215.83597 31.84602
321.5814 -66.38756
71.64737 68.40106
81.84308 16.48159
73.05327 18.95671
72.38708 16.90728
80.82269 13.83649
79.50293 14.43623
78.93727 11.65065
212.34455 10.37353
271.64987 37.18456
78.33868 9.89007
298.93443 11.31345
82.37845 11.93253
309.05357 -75.73754
294.03604 -37.27081
242.23398 -15.67381
75.76884 10.68732
295.7576 -47.73355
344.09333 33.75085
319.18229 -75.89807
158.59822 63.55725
79.99619 12.46341
72.746 11.16571
3.10692 -3.82814
42.20533 -19.71107
69.71519 -56.64891
257.77864 50.76062
82.52933 11.78199
80.66458 13.65905
134.07461 9.22394
75.99132 5.96067
82.73358 12.21263
72.62429 -21.10497
208.97985 18.78525
70.40593 10.84999
77.27661 -3.56052
82.49921 16.20638
302.50041 -26.76586
76.53433 8.8879
345.11043 34.30816
80.32004 13.09313
183.11699 21.04817
79.9197 6.55518
119.16987 -41.53458
358.86307 -3.03947
152.17845 -26.98024
90.05451 36.80887
61.79465 24.9965
349.62852 22.1208
70.75846 13.68918
357.66598 -4.09976
239.2197 -41.50931
251.39395 -30.03442
76.12806 9.2575
75.41102 12.04501
140.47052 23.77558
79.40642 12.36714
29.66627 69.11667
76.43372 14.84182
250.88317 50.89463
73.49392 18.70795
331.36717 10.95094
81.4737 12.35941
312.35473 -53.76568
294.66043 -11.9871
79.6509 15.30878
79.07509 11.4348
0.34512 -2.1667
73.18543 14.56786
52.29591 21.78318
130.85829 -29.55538
280.606 -25.04532
73.21539 14.96283
71.61723 15.80052
76.07606 13.25897
215.35863 -19.05301
52.29591 21.78318
81.25178 13.4834
111.31379 63.58505
74.64383 14.34264
205.51379 36.91396
340.24 -71.01449
228.83505 33.07594
80.70911 10.61623
37.36069 -6.95299
236.62565 -18.07374
123.40032 52.27052
71.38766 12.88246
251.87109 -52.90138
118.07243 50.52804
219.86213 -68.70904
73.20413 17.7265
216.69969 11.87747
355.84555 -2.61394
297.80252 52.68541
72.47787 14.63554
73.60082 7.22013
72.3834 16.07247
72.54584 -18.8565
321.5814 -66.38756
73.6759 11.49987
71.84571 11.57965
74.44856 1.17139
355.51847 -2.1734
1.98694 -1.73756
124.8456 -62.06908
40.91076 -51.71337
76.18608 9.40712
77.61798 11.8708
75.0375 18.69539
78.7025 8.28944
73.08366 14.07622
352.97985 16.56489
71.83343 13.46754
83.16548 11.53869
75.67795 11.055
226.70991 27.99859
143.08388 -16.64016
337.84348 65.38752
79.08067 13.06551
70.94977 16.30468
131.84857 41.54979
81.11486 16.18136
285.17361 57.739
322.27085 53.83847
83.91538 12.50696
234.38549 21.08881
79.41623 9.27858
75.65841 7.93344
157.38273 -13.8523
79.67079 7.00333
9.60421 -26.77237
75.20665 15.4413
2.1434 -2.04368
70.37703 13.61425
161.59825 -86.56158
309.55456 -56.81169
174.77536 -17.35063
57.68396 8.67193
176.63155 5.80798
219.94384 11.11156
76.15481 17.57513
82.10187 12.13118
74.51592 6.8913
196.79526 37.69663
82.33495 10.73672
73.69945 13.68998
96.73653 77.27192
358.61588 -4.43046
76.26721 9.39277
178.06148 7.07762
71.13919 11.19905
72.32578 11.87795
76.08999 6.33882
175.33928 17.37137
78.04679 19.67348
48.55544 -55.79751
264.84462 71.95418
135.57326 42.30144
77.94098 9.53918
76.67999 17.99282
79.01876 11.67426
71.0526 17.2836
9.6545 -39.37856
243.29836 -42.91686
18.14948 -14.11663
82.19755 17.29145
83.79725 13.4167
344.82551 26.05405
76.99344 6.92164
167.42908 44.31146
80.63315 13.48812
183.77072 -15.41489
79.40716 10.7715
75.69361 7.89379
70.07924 15.86374
299.26888 -61.77586
102.97517 40.62573
78.276 10.93841
347.17359 -6.31279
77.51619 16.51644
335.64057 -26.54746
73.37771 18.74477
112.64721 40.50258
79.63268 19.16689
73.02343 12.20124
298.93443 11.31345
201.24412 33.43766
77.3352 16.02217
82.32309 15.41574
76.80044 19.13232
45.85302 48.02124
41.69494 -44.278
152.16702 61.62913
211.15305 -14.49271
69.40712 14.91329
74.51966 8.6369
135.00951 -56.779
79.5069 12.00174
201.24412 33.43766
311.78311 -31.19069
71.54789 10.11457
176.61237 -29.48306
99.71137 21.54151
280.67988 -38.73361
72.62475 11.43428
142.46023 66.01487
76.82872 19.32312
254.63265 62.57509
76.60095 12.97156
78.11516 11.51112
283.68658 30.87451
120.68674 32.40871
81.73182 17.6898
246.25923 -49.46547
37.73014 4.94113
101.68984 -13.45694
256.54049 -55.17487
70.29069 14.65459
81.16841 16.24171
70.99476 9.23418
82.7281 13.10893
77.85752 11.79362
74.43727 17.84364
160.64046 -47.0654
74.4939 15.96032
122.7358 -64.0675
84.33493 13.06442
72.69782 18.62728
70.66924 9.30796
74.73565 10.06365
216.66589 51.28228
304.67123 49.90019
73.619 14.54712
51.79261 -76.62822
264.32032 -49.6531
81.14899 13.81924
81.20839 14.68579
76.6116 9.4666
116.87585 -18.46753
331.38949 40.39538
74.72154 11.97179
39.73243 29.2349
344.4924 -68.29575
71.59819 13.22734
74.75577 12.37222
2.61007 -1.82023
72.3236 13.43665
70.54989 11.01831
258.28249 -43.59053
239.1018 -14.90957
70.20006 16.94089
318.5586 47.99348
89.24153 -63.8099
331.38949 40.39538
209.82242 25.84832
299.97278 30.07542
74.22764 11.94515
77.88787 15.64895
80.19878 -56.5953
79.00491 11.72115
75.58833 8.46248
190.96998 38.93599
99.96388 -25.34735
132.4843 -55.45458
332.9417 -30.1993
82.16182 10.57656
84.07015 1.00774
119.48925 -62.23569
81.60929 10.44986
75.55812 7.45973
308.91652 -19.34411
74.39302 14.42583
294.36019 3.05495
272.91855 32.53156
78.9153 10.49531
168.29963 29.3298
78.62698 11.9571
72.65358 26.06047
83.5226 11.99998
243.87782 -14.62598
73.06923 9.64892
214.79407 -46.25415
346.51303 59.87255
76.37063 10.0603
1.40867 -3.73064
281.81705 -17.5933
69.97316 14.47665
322.78669 71.31364
129.88845 -56.07199
282.35871 -38.83332
77.15239 13.63209
78.29545 12.99564
355.72868 -20.04121
273.40535 6.77589
351.84167 1.41002
181.74418 -19.03751
74.83213 13.25619
81.32513 10.02398
113.38302 -86.96771
79.56585 19.1495
148.61097 27.88329
293.85557 15.84163
4.11004 1.82819
76.89558 19.46173
160.61794 68.91636
75.8848 10.53166
196.79526 37.69663
275.68345 -39.93482
326.17234 58.68771
233.18657 -39.77864
44.72122 -51.37977
141.49962 17.58668
83.20997 42.78368
81.73773 9.07311
73.97975 11.78814
78.16657 15.68342
61.12716 -45.6399
215.90556 32.01882
104.86527 13.64333
72.30998 9.11103
142.80364 45.37156
296.49611 -37.81231
230.5419 -43.44491
77.89166 8.76631
74.55066 11.42713
81.90697 11.13965
77.06755 15.85796
73.9027 14.73466
75.11189 13.59083
318.87693 46.522
270.20525 -42.56321
73.6739 19.67833
72.95966 9.02309
259.03088 42.6058
73.62573 11.44523
340.79031 -6.46352
48.27767 11.4139
79.73595 17.1689
76.01846 17.19133
72.47195 12.54618
339.10272 -9.54226
80.09807 14.97247
169.32461 67.4636
66.03876 31.20706
76.08999 6.33882
281.0126 82.37965
135.57433 37.96972
96.1144 -14.71496
75.25718 12.74707
131.74451 4.2186
74.14976 15.218
76.12806 9.2575
245.04538 47.48286
228.49712 -33.50524
345.95969 18.66769
82.43803 15.59852
78.91187 18.61756
73.203 14.86746
75.88873 13.01204
262.90636 -15.97961
358.36 -2.62011
295.67668 -22.19486
318.80629 -2.92076
73.50551 15.1176
339.78905 -16.78424
48.74576 -55.37019
81.61237 9.12251
80.61347 13.5173
71.83164 15.51241
308.11038 -7.50632
78.46264 7.37548
77.70078 18.96181
77.47076 8.93878
74.0723 16.8434
82.70924 11.56055
305.29688 21.43298
242.56023 -23.50087
12.65304 -36.80401
71.16452 14.16429
68.74978 14.02188
245.24126 -56.09164
73.48908 10.81083
31.04815 14.08585
81.60929 10.44986
74.45145 10.45904
16.19347 -19.33571
329.51487 -28.04356
328.70205 -49.93536
359.99627 -2.47579
355.06999 -3.58099
71.79245 11.88425
72.02081 13.29617
75.49689 16.72431
80.47826 18.08721
82.20314 15.66892
78.0981 11.27466
76.55358 10.408
292.80544 -55.69407
77.66271 9.36083
274.20365 -17.65147
237.43871 0.36349
73.89554 10.45737
216.7964 -53.92335
81.87731 9.70399
79.5413 12.04323
195.67069 4.86549
81.47085 14.41171
78.38825 8.07743
155.49874 23.16543
80.34362 18.81793
160.15868 -3.1561
83.31207 13.20027
72.14748 18.68909
74.83939 14.74789
103.88664 38.97653
4.66003 -4.25075
177.59682 -19.92339
74.27465 15.99548
359.73255 -2.36161
279.10045 15.54215
168.79229 -28.46409
355.96935 -2.99704
9.65538 -39.38269
160.29013 -37.03132
230.64623 73.13399
218.95912 -2.5113
351.84167 1.41002
78.45857 16.58456
72.38789 19.39477
77.51619 16.51644
74.32823 14.22116
80.53919 9.96232
206.08078 -46.73229
70.66885 16.21383
322.04583 50.016
182.77821 -60.77779
150.07156 -12.27336
313.72034 68.39022
131.99027 10.9937
257.52868 -38.2142
17.2569 -54.86633
182.93672 15.13189
74.45609 11.12886
80.03172 7.66324
173.81805 -13.5638
229.02197 -64.57537
70.68283 10.06049
258.70986 46.16384
175.58174 -27.51381
100.74846 -9.10923
32.04857 14.43563
77.56359 9.57788
79.32401 7.76339
72.98548 12.8854
79.89817 14.34968
73.9995 8.07033
0.11105 -2.01831
122.87293 -50.08374
77.19174 19.61433
77.44616 16.7555
313.5829 55.91096
343.85472 -32.79049
80.42965 10.18663
295.69143 52.47382
296.49611 -37.81231
79.90117 18.01445
234.94387 -59.62729
79.63594 7.29669
70.47402 -53.32407
72.33987 10.38327
81.88152 15.69368
276.91998 34.12242
12.14366 -16.57351
74.50788 11.97106
244.47566 46.88333
76.89169 15.45036
358.63014 -2.81154
264.99528 51.24569
344.16455 26.87929
174.74941 -19.71256
205.72851 30.36616
50.39671 29.86597
297.15142 59.36883
71.37765 9.5162
194.66268 -0.37101
80.63315 13.48812
89.24153 -63.8099
273.09687 58.03595
82.42034 17.06557
168.74261 51.19188
82.34944 13.44212
205.59383 -36.93078
358.93289 73.89072
78.25959 18.17315
79.88527 17.27693
77.39378 16.02266
75.22928 16.63717
78.25844 9.47328
286.38094 17.329
73.34339 18.16052
12.40758 -20.13798
79.40697 10.75408
76.04453 12.91325
78.38828 11.21376
74.9302 6.74946
41.87586 -18.69708
258.9287 56.17437
67.41056 -0.67616
77.17468 13.46295
265.15647 -21.53947
71.48667 9.57483
127.33879 23.93495
206.93309 28.93705
285.45308 53.13179
80.84283 13.73198
209.76527 33.18605
73.25046 12.21177
52.00313 -59.63511
28.63696 -70.22813
71.93138 12.40847
60.44831 -24.37543
77.24742 10.89836
77.70822 14.92486
119.58108 51.16066
71.56598 12.86404
41.91496 86.47046
99.90191 39.47188
65.02085 45.2323
142.64659 26.52673
327.07069 7.38103
2.84032 -3.67445
123.48216 -59.36278
324.17725 -5.25392
71.64355 13.49978
74.87448 18.67704
79.57854 7.23801
77.4756 11.83709
297.2776 -15.92181
75.91261 14.94343
100.112 -27.14412
72.26462 16.15714
106.04263 26.62379
328.70205 -49.93536
47.13028 -16.493
77.25979 8.85504
236.48794 -38.60499
268.74194 63.14101
72.72786 7.7195
76.34485 10.1981
303.78445 59.31575
281.02942 52.0254
355.45725 -3.02227
148.58523 22.70153
359.28428 55.60336
334.41024 78.30331
177.29046 -20.81553
98.71917 16.42429
354.25134 -76.39546
359.60721 -1.98134
174.77536 -17.35063
75.19637 17.32725
71.79245 11.88425
78.49856 16.90289
79.75961 10.23403
294.01002 3.68473
252.27127 59.32248
72.31497 16.33606
73.36096 12.89062
77.21796 10.90816
70.34553 9.13768
73.0559 8.97802
26.16217 23.60704
127.87377 -43.50115
194.66268 -0.37101
82.92057 12.20039
269.21713 71.29123
306.90565 43.55866
83.49862 20.62284
80.5711 11.14897
81.72606 11.23255
79.45806 11.65227
357.88886 -3.04022
80.44858 16.35836
82.0602 11.06907
29.64424 -10.55145
286.60409 55.93047
238.42937 44.01996
357.20042 2.13355
76.66856 7.22017
75.87463 16.60325
216.04472 53.95226
52.29591 21.78318
149.23316 -15.69515
79.07662 16.55153
305.84592 27.25014
329.80573 3.37645
214.5263 25.64577
148.03067 16.21302
75.2999 16.46655
181.05077 -11.70195
76.77586 17.79756
76.04549 10.91324
254.20063 36.30503
76.2434 13.70333
285.15815 64.0901
36.01305 6.24131
288.39931 -3.34519
296.49384 52.60405
72.61896 11.34565
81.96373 71.22464
71.83164 15.51241
317.04896 25.84003
56.68214 -9.43797
126.32086 39.91754
37.48307 4.775
91.08775 41.16446
76.71995 -63.53633
78.6651 12.60394
83.79582 13.19003
47.88612 -49.02284
69.94017 16.20448
1.04163 -2.0354
175.95341 -35.19724
75.58833 8.46248
98.59611 31.96608
82.01371 13.45799
78.16899 12.42904
281.81705 -17.5933
83.40326 11.92128
82.28058 16.30356
263.55608 -28.57122
320.40161 -50.99819
75.48527 10.16352
80.05076 10.32377
78.90961 16.33314
70.91951 9.51518
214.5263 25.64577
166.96554 62.73556
245.67215 -22.72055
277.25461 7.75911
106.95294 -27.69719
77.56786 16.73486
217.81208 51.89768
244.9403 -31.5404
128.82965 -55.44818
96.29363 7.12331
190.98319 45.10696
39.73243 29.2349
80.4453 9.96035
179.98963 -13.08649
75.10743 13.17249
79.03209 17.88434
269.17311 -19.6712
112.01679 35.8943
73.25895 13.28303
195.01832 52.85093
72.27605 14.60317
74.88051 11.63869
193.28189 24.14746
293.31 -30.37768
172.49916 -7.98082
73.2573 10.71393
308.19408 30.77939
81.72606 11.23255
72.93478 11.52808
106.75582 25.49556
20.13786 -20.00635
74.50399 7.44064
160.29013 -37.03132
285.98704 -10.14464
320.15263 29.95901
333.71817 2.71134
92.86085 62.46174
68.98012 14.48974
94.26579 -39.01348
289.20142 -1.78974
93.08627 35.08164
82.10329 13.74396
77.97859 14.84816
78.48854 16.88885
109.1566 41.33459
54.0417 -53.41599
294.61302 -55.7647
78.73876 16.31601
224.91107 25.83571
290.576 23.94395
74.11519 14.94551
79.87524 13.37521
74.25808 16.92531
270.09987 -42.00943
76.03716 16.24851
103.86457 19.36777
239.35512 -18.86685
317.34866 49.05579
73.38461 7.95133
15.35571 -15.5115
201.71923 45.58561
260.8805 61.14782
72.79154 15.00096
77.02002 12.89296
73.25192 12.52759
172.89486 -23.37696
180.34682 -74.92888
104.28761 70.27803
341.6104 -23.142
82.11766 12.48135
220.9805 -31.77457
75.22066 7.28696
281.0126 82.37965
209.30743 33.9644
328.97114 6.51786
74.50415 17.39709
49.89609 -56.20059
74.50988 30.11458
74.29522 9.26258
73.50995 10.94288
77.59939 20.66047
29.64424 -10.55145
73.07163 8.48096
77.66929 11.41339
80.36831 8.83576
109.78506 12.8265
76.06353 12.99985
289.98899 19.13693
75.89964 8.2812
253.16 29.65549
143.09688 -21.55688
195.84135 -48.05487
56.66419 49.59735
219.06694 16.80047
75.51099 18.58969
80.30239 9.74522
73.17245 20.10976
58.93637 -11.83428
82.13508 12.11636
118.99221 15.31627
70.37703 13.61425
73.04331 8.11892
76.53433 8.8879
252.18689 -46.68406
226.66477 -65.14654
73.203 14.86746
97.46768 20.91324
109.34478 62.26188
72.21386 8.60743
72.95336 14.74734
326.17234 58.68771
81.14899 13.81924
229.82471 -17.44828
83.70425 12.2772
162.7089 64.37164
70.37852 14.57646
71.10629 66.0563
193.28189 24.14746
71.60688 17.34751
74.069 13.46382
73.44989 13.13184
49.35353 -66.67115
75.17704 13.19467
350.82178 -11.64851
21.81161 60.58844
84.6144 30.17327
78.80207 13.36315
73.9027 14.73466
77.5059 16.80645
12.65304 -36.80401
350.41528 24.44846
200.65632 36.47336
77.02592 13.48226
78.53249 13.13135
80.37293 10.80167
83.21827 13.78271
79.90117 18.01445
65.74238 17.21933
274.32755 35.19011
82.73358 12.21263
133.5115 8.7807
56.68214 -9.43797
354.46972 24.53881
246.56423 -21.08722
79.16873 17.62165
71.90739 16.50143
71.60688 17.34751
79.23022 18.59367
83.93458 13.53223
245.04538 47.48286
2.5721 -6.15518
214.28167 32.73091
78.26128 15.34767
79.5069 12.00174
75.52223 7.36124
74.15272 16.02543
76.33824 8.97851
300.80214 18.51297
78.81162 13.97444
162.26717 66.29729
81.81523 12.89982
81.90697 11.13965
185.99827 -69.01004
80.32004 13.09313
73.36096 12.89062
74.59769 7.45831
79.01712 11.19167
82.53844 11.86453
77.7304 16.58578
224.6733 -57.2719
80.85082 16.63901
73.18543 14.56786
72.56526 7.84412
268.41173 -28.49114
73.81762 8.68466
205.9637 38.67456
72.03315 13.35484
218.75093 64.78003
79.40642 12.36714
240.07252 52.01163
127.80884 35.06048
90.14771 55.01079
80.58993 8.37838
29.07673 19.95
77.26281 15.13411
79.87071 10.01236
227.12097 -34.76468
76.92011 21.12868
83.99267 13.28087
278.8418 -6.91046
358.85814 -4.09097
74.24726 11.444
254.63265 62.57509
181.24794 -4.77532
78.78019 43.22089
80.69553 9.44424
173.07319 -73.4424
73.60457 10.99626
75.73032 13.21299
213.62961 27.59317
262.84921 -30.62853
74.0137 17.34224
329.23463 38.09725
82.45718 11.74957
73.94724 12.9292
75.79426 10.74701
79.54791 12.69918
5.09735 -65.98674
246.56281 -59.85177
73.86663 19.06885
38.93233 1.23509
72.85526 9.14077
80.69124 15.15359
75.05892 10.76968
96.709 18.39434
80.09266 18.13155
57.68396 8.67193
73.14702 14.72413
70.40788 13.05555
304.90599 13.18645
6.26325 70.04109
211.64492 28.65234
70.90519 9.18851
169.99958 -28.64052
237.49768 -1.18976
76.75338 -28.52705
71.83506 13.74892
77.23693 13.52226
332.39696 17.32856
74.25808 16.92531
81.5855 15.71073
339.10272 -9.54226
79.45283 11.2887
218.3854 -43.7651
82.90377 16.00793
72.08629 11.60884
280.1731 31.95774
82.57663 10.48256
77.38633 11.61671
353.83159 -2.68573
73.90304 14.08078
71.56815 9.32128
74.40417 12.02527
283.04795 -32.81145
78.90961 16.33314
75.05892 10.76968
76.02087 19.45674
80.40251 13.0873
230.32938 -28.13706
79.18241 -34.37046
75.78138 13.52399
291.48636 74.2865
82.48693 -52.02918
77.47721 19.03753
72.56961 13.41465
127.12677 -13.43471
255.71201 -44.50181
130.48557 -40.89459
78.82861 10.55971
77.66929 11.41339
283.21153 -29.14459
75.59236 7.74278
169.73224 -23.16676
74.23269 12.50541
0.30059 -1.01404
3.21405 -2.60423
217.62487 32.24587
72.6919 11.58428
136.18028 -59.47876
221.71652 -13.93193
82.10119 -10.11937
6.11047 1.96152
154.33809 -55.52893
76.6968 20.43826
75.77244 18.56374
46.7585 -69.41947
73.36096 12.89062
77.8255 16.24184
13.73298 -11.7431
80.84112 8.68742
5.09735 -65.98674
89.62124 21.06076
82.52933 11.78199
73.53715 14.46537
320.27182 13.35247
206.52056 31.96885
1.90945 -1.83872
172.89486 -23.37696
115.40542 -78.05159
78.39834 12.15156
298.21871 6.58881
75.49689 16.72431
77.33801 16.42143
71.03282 10.20893
78.22874 16.69848
73.9027 14.73466
133.41389 71.83707
77.52235 13.09727
76.53877 15.7141
87.99255 68.87632
79.33273 9.40002
79.1295 14.52651
5.66045 -30.03255
218.15071 17.28798
72.54342 9.28857
273.40948 -36.91434
199.1055 -12.89566
76.36597 20.70764
359.97293 -3.02784
79.07164 11.27915
82.92078 13.98593
79.90117 18.01445
229.02197 -64.57537
81.11486 16.18136
73.34563 15.15491
123.28442 -52.07644
120.44543 53.31005
79.57519 18.96771
1.64069 -3.13158
46.05986 -17.29285
81.16841 16.24171
189.72088 51.24051
0.10007 -1.47521
70.8253 10.02508
65.8713 24.73031
80.79764 8.47197
71.10629 66.0563
106.13206 22.45053
301.09815 -69.70814
352.25846 16.21234
277.39489 -52.87029
77.02616 10.63645
76.22605 7.98316
77.2932 14.07649
277.0269 -44.84798
206.69134 25.35171
99.98989 26.33483
76.61586 13.82764
195.45385 -82.5199
81.29598 16.02462
35.89455 6.39649
71.82344 15.8353
205.36595 36.71614
83.11258 12.36242
72.14102 13.15584
257.98193 52.38305
324.8363 -51.65503
302.97274 -33.38439
353.87129 9.23357
71.92848 10.45298
159.09073 -54.7599
113.73077 -48.08244
204.61308 -20.58136
70.81439 9.91962
171.58123 -29.57966
78.26193 19.77727
345.58112 34.47507
81.06648 16.58282
74.40388 14.86112
77.82088 8.91719
318.06196 19.20844
70.73595 10.98955
74.32823 14.22116
310.40299 -60.08347
80.30664 11.05935
2.84069 -3.6823
273.40948 -36.91434
73.75122 15.51824
227.30349 51.39451
2.69543 -1.52073
79.246 13.69152
69.88341 16.28889
81.83905 13.03779
299.47864 -35.3699
74.16686 11.71043
74.14976 15.218
76.06712 19.0262
124.8456 -62.06908
125.86056 15.22604
357.75697 -3.36945
318.44307 -33.04892
70.17366 9.24991
71.12598 10.2143
76.31734 12.53992
76.41534 7.10317
307.37226 27.64978
79.49597 11.18255
251.12166 47.67505
283.96382 37.9221
266.61925 65.10211
315.03364 21.58307
128.32133 55.60337
156.37974 -45.98861
120.44208 -54.99882
269.59585 6.67887
260.53098 48.89142
274.64523 22.22073
110.88302 26.75585
335.53726 26.53439
351.50197 15.56434
92.85957 -23.3194
214.12703 26.83381
74.16686 11.71043
79.59565 9.04999
77.96982 10.31965
132.48097 -9.67032
243.59017 51.77727
201.08807 55.8766
78.17734 14.9255
61.33593 -53.19847
73.46926 9.53827
78.95728 14.01882
154.43765 -28.29389
109.90724 -3.20073
74.17444 19.02783
5.19559 -19.48704
318.14918 1.77774
80.37293 10.80167
74.40417 12.02527
290.15667 -39.12815
80.24936 17.40063
73.56001 15.86929
279.01783 2.83645
344.82551 26.05405
91.79265 -69.04549
212.34455 10.37353
85.83567 25.20986
51.97463 -50.28505
84.10171 57.71148
80.66655 10.13498
270.68093 -38.01792
215.74169 31.87601
80.78026 7.61693
43.84092 -10.62609
301.07183 -9.66817
341.21374 -29.07595
255.48818 -28.19633
0.04599 -5.09503
271.64987 37.18456
73.85727 10.30916
81.00863 16.30795
218.11787 -2.02059
133.79881 -32.7211
71.5646 16.7796
71.25232 10.79194
71.09401 12.64356
72.42526 7.96784
276.27361 -17.61436
345.01064 -17.81794
175.78305 63.3677
80.05924 6.52188
325.36189 -26.08807
79.69274 15.07071
74.49933 17.58273
75.42939 9.80545
52.72026 21.06338
175.87462 -27.133
168.57627 -67.09225
139.64299 -60.09222
29.54481 46.09087
82.32309 15.41574
49.35353 -66.67115
331.29531 -53.10239
73.87137 19.1859
93.97098 -41.15454
79.48787 11.98841
73.02692 37.66299
72.31271 16.2214
74.37222 8.29409
160.29013 -37.03132
76.8224 15.64277
267.02928 58.39355
178.75648 -9.32552
267.36972 -39.73385
78.27087 10.24795
170.97857 -23.55083
70.15807 36.91147
244.24741 -32.18328
210.47952 -43.82781
79.07662 16.55153
101.44251 13.28607
78.64558 16.39814
75.09507 15.37324
69.71519 -56.64891
80.2389 19.19378
80.68512 11.53087
77.57698 13.61034
102.34143 35.90788
286.60409 55.93047
72.26875 16.42227
77.69523 13.58368
357.51786 3.64468
73.37692 14.57345
203.48237 1.86373
77.14669 8.38649
70.89567 10.37328
75.38908 13.0741
79.29355 16.21038
178.25572 -25.29268
83.79725 13.4167
76.35333 13.56194
98.26899 49.73953
76.5661 15.81604
71.27591 10.77283
5.7202 -3.47203
82.34558 15.45125
71.28544 16.82858
79.83355 11.81086
71.00646 17.44261
206.9914 32.12682
74.98872 50.45641
124.73557 13.94549
236.03182 -42.65561
70.48314 17.24444
292.35223 55.65723
173.07319 -73.4424
77.20386 14.17954
115.11108 -58.2406
303.56064 -2.78202
73.45576 11.13423
280.78472 24.19215
0.41781 -1.34501
240.54807 -46.92998
70.54028 15.59932
69.534 -13.20303
71.50234 10.92346
335.19521 -74.61855
74.08669 7.85257
122.10241 49.87644
81.14899 13.81924
75.45396 6.83604
27.7801 -10.54743
77.38633 11.61671
0.93679 -1.4842
79.10674 7.24545
5.58745 -2.46794
329.19937 -15.20447
72.80866 11.63523
74.92557 10.31441
185.01433 -63.01694
255.48817 -28.19634
74.87347 12.01924
80.46622 7.9355
71.16511 9.32641
223.03598 -8.88729
80.4378 13.72935
287.27271 60.34375
75.22984 7.65134
74.48612 16.62216
71.83164 15.51241
348.05236 27.59946
79.4584 12.17114
70.64753 10.52435
73.90076 15.55426
345.4623 -80.66367
250.92934 -24.19699
71.27937 13.08704
24.36018 -7.57187
77.23333 13.74766
82.1743 16.44236
69.71519 -56.64891
358.32047 1.46136
122.90808 -54.0042
351.84167 1.41002
78.03515 8.77976
41.69494 -44.278
134.94219 61.72135
76.30269 6.93915
72.26499 13.4044
359.79137 -1.89004
69.40595 9.90063
104.72204 10.82417
74.43727 17.84364
75.99435 11.50324
201.65994 33.44489
126.58855 -63.0179
233.49822 -3.40997
70.4559 16.73832
109.7662 -16.71457
79.75107 19.13301
320.27182 13.35247
71.60711 17.38918
280.45411 13.44608
285.05869 55.16088
293.75341 16.1654
122.48371 -56.99964
212.37147 36.95589
47.67047 -43.56086
71.83343 13.46754
73.9863 9.2491
215.48946 27.75424
73.14702 14.72413
73.2573 10.71393
82.72414 12.85959
223.004 31.58211
73.26258 16.04522
107.87039 9.6839
78.86026 11.8369
68.23301 13.67698
201.10805 29.88541
19.79526 -40.30421
77.94558 15.15521
80.50295 17.54556
75.93297 8.22729
120.28313 -7.88298
294.03604 -37.27081
83.7023 12.73735
80.01329 7.75597
346.15058 -20.75401
2.26337 -3.1186
71.53877 18.4911
80.86181 13.14677
71.15265 9.6585
234.56776 12.82251
245.84326 28.2507
94.64478 24.33732
48.06541 -54.37586
81.10942 11.79563
264.16473 25.74431
254.97594 57.73789
76.88378 19.2323
230.92725 -63.07645
71.75799 10.60929
359.54055 -2.21994
71.12808 14.44585
345.98514 10.84575
81.50262 11.67615
0.54581 15.80164
191.80875 -49.20245
73.31632 15.58121
83.31751 12.19643
76.60594 10.44943
74.88682 7.95519
83.80503 42.94793
47.37604 -48.95754
80.30664 11.05935
77.06067 10.04186
70.07924 15.86374
307.19384 -4.06586
80.69124 15.15359
189.72088 51.24051
71.6601 10.10494
74.02528 10.42657
82.59658 14.01054
75.85191 14.1188
83.54705 12.91313
50.42179 -58.65451
72.93853 9.09849
76.43207 20.97129
73.98536 11.39157
74.71852 15.33905
74.87605 17.53304
94.26579 -39.01348
74.02528 10.42657
172.89825 -25.81964
71.10629 66.0563
264.98752 55.25008
75.2999 16.46655
73.03773 15.51005
327.81443 9.75878
215.14807 34.45558
302.37654 17.39802
227.56937 0.91949
218.71677 -0.48127
78.64493 9.96408
69.84201 14.69768
71.60688 17.34751
103.42009 32.9746
238.66016 -31.85846
71.44115 9.64684
75.59975 5.97338
56.49998 31.50589
201.65994 33.44489
80.53919 9.96232
110.71755 -25.35493
78.31739 15.58472
70.31978 11.40614
55.89444 -45.40318
82.91642 14.06137
73.37904 38.46731
71.48672 15.42338
74.72154 11.97179
76.12959 12.21294
330.87143 31.27473
138.93411 -61.16767
109.90724 -3.20073
74.88508 8.99914
71.27591 10.77283
250.73443 -56.06514
318.12419 -79.66003
81.04474 11.03503
72.16683 11.34838
70.6955 10.24008
1.99138 -1.48807
125.62193 -27.4215
296.14549 -33.63672
72.79808 12.94693
359.44857 -19.07842
55.87483 -24.8847
105.47532 3.57209
174.75407 -14.0676
138.29282 -12.26466
285.33397 62.74727
82.761 10.85325
64.21591 -62.23886
45.05421 -53.03644
99.98716 17.72195
78.47034 19.96081
98.57856 -39.14311
211.79644 28.67982
47.23492 -50.13301
284.88498 27.65117
0.74299 1.26803
143.06278 -34.58321
0.63739 -1.70111
79.26947 19.25567
2.46055 -2.08247
75.30043 12.86619
240.59869 9.03821
80.09807 14.97247
216.49965 39.62439
75.31275 17.15588
77.59797 15.9048
122.90808 -54.0042
80.29149 15.40995
78.48205 16.90892
81.74667 10.64959
199.53738 -1.38131
79.14986 14.29888
36.66096 7.77355
234.93391 -50.50277
80.48988 18.81626
78.64292 14.98246
78.99024 11.71993
310.65078 -32.11971
73.89376 12.92363
358.38853 -3.31375
80.07785 13.32739
70.9923 11.15868
276.22112 25.8085
355.11792 -1.37183
356.55645 -4.09632
72.31699 13.90881
260.68043 -0.18559
76.48359 20.43475
45.74798 -48.18707
73.41447 10.89592
281.66644 56.0218
174.75407 -14.0676
70.71355 16.56523
330.38292 13.49299
116.69017 -18.44687
76.75355 18.85404
78.93478 7.37243
266.98341 61.74645
134.72297 44.80076
31.04815 14.08585
247.80615 50.97268
72.36456 11.80543
216.96953 -33.72746
77.09593 12.83567
250.73443 -56.06514
44.76195 -32.63809
176.68976 -15.98175
288.26426 -5.79499
79.751 11.86335
69.94859 13.49937
286.03584 -17.86379
340.05994 -11.4985
72.79154 15.00096
109.835 -48.40659
77.24742 10.89836
82.42579 -35.24688
53.48367 48.92412
69.76804 15.17632
262.46302 58.79109
354.07234 40.02208
75.35385 6.68858
67.90237 -15.09012
281.56671 35.06915
75.99216 -63.15691
320.32185 59.40196
25.61433 1.1011
278.85603 20.31268
187.3925 -19.04397
77.24526 -25.71773
78.86026 11.8369
73.37904 38.46731
81.66089 14.18038
257.61105 -1.67291
75.39446 13.96113
79.13395 16.24521
226.91411 -44.9483
32.27249 26.15047
280.60948 -31.0579
79.09551 12.86311
318.13687 46.56042
334.58509 -43.52429
73.6739 19.67833
78.87078 12.31498
109.90724 -3.20073
232.20234 -18.48101
72.16176 8.16713
78.45857 16.58456
166.97141 -56.84619
275.36894 26.7008
206.47299 46.45801
81.68178 11.44772
126.76197 -61.43447
180.34682 -74.92888
75.42329 8.11144
265.30823 -13.54873
76.88378 19.2323
75.59135 17.39614
80.94435 13.01505
1.49223 -3.75748
224.80293 -57.27708
74.81395 18.66425
76.8224 15.64277
71.11967 12.15552
78.73264 19.20216
71.92848 10.45298
70.34971 14.16403
72.8198 8.28475
68.48574 56.56756
79.00501 8.90565
237.69566 -66.2377
81.36992 12.48273
262.91176 61.77713
101.44251 13.28607
71.65202 12.75709
78.02145 18.31592
92.44529 -67.73033
268.41173 -28.49114
79.48167 15.0438
140.91663 41.71685
0.36012 -2.41644
259.09233 -5.05403
256.57213 42.25433
71.12324 8.79872
118.37663 23.23912
77.84988 19.41312
313.65698 -11.44948
74.30564 10.20012
127.33879 23.93495
285.98704 -10.14464
93.40166 -3.18125
190.96998 38.93599
71.44115 9.64684
75.50289 19.43843
199.69949 -70.45622
81.87528 13.35762
76.53669 6.44509
349.99931 19.20525
308.21517 -50.42274
78.6651 12.60394
76.69865 10.40623
75.70415 18.05317
202.35935 -5.59129
164.94013 42.66615
354.19802 -3.48341
277.25461 7.75911
209.82242 25.84832
71.06697 12.10432
77.87852 11.33663
75.42234 15.9877
99.78527 34.47031
7.6079 -37.53419
213.0547 26.567
82.73998 12.03282
232.51709 26.90832
70.48314 17.24444
70.37852 14.57646
295.2137 59.97066
78.91292 0.24852
69.66537 10.31333
155.01832 -23.46286
0.6457 1.58994
13.97954 -34.11285
82.46656 13.45418
83.15282 17.05061
79.5885 17.75101
78.25942 20.34266
129.50836 31.38463
80.88765 10.15452
245.65435 -13.18525
262.90694 -48.8173
69.96483 10.84034
77.1239 12.93656
154.43765 -28.29389
79.88642 15.06379
190.02773 47.76871
37.24009 4.63005
333.28825 -10.02581
73.3545 8.26063
79.07662 16.55153
165.83444 -28.41487
289.6044 61.09684
241.80874 47.32067
78.15286 16.51686
75.49897 7.46967
81.73967 17.25221
109.54698 43.37255
143.61792 -7.80173
4.3802 -2.51597
327.97536 -21.13931
79.67079 7.00333
297.27124 -59.97416
300.12454 -1.29064
74.96655 13.65714
76.88378 19.2323
283.14838 -21.13082
75.3761 13.8754
38.06304 4.6158
44.72122 -51.37977
215.28839 29.20051
75.23947 17.39498
237.15768 -62.41261
75.64407 14.23267
348.63857 17.53871
268.81455 -30.34064
80.78005 9.39004
0.19366 -1.83305
261.12208 -46.53883
75.79691 17.366
73.53701 18.04476
75.89955 16.91068
82.15064 17.25604
69.83524 13.95171
83.34317 12.66062
68.98012 14.48974
282.68815 -19.6933
77.80764 8.5398
339.78905 -16.78424
76.07606 13.25897
79.85386 8.43218
76.9416 16.20868
206.52768 32.74444
262.35993 25.49296
79.31892 11.81541
84.22691 13.33162
72.4778 13.4628
82.32839 17.70472
359.95968 -1.26215
43.16408 -67.66194
206.52797 32.21884
80.16669 10.15481
264.13775 78.28058
78.72691 15.03123
75.14127 18.67184
52.02077 -77.40177
311.30973 75.41367
71.73068 18.82283
77.06756 13.57678
20.76224 -42.95001
73.65455 14.31582
354.90301 -2.09133
221.48641 -19.95958
75.81527 11.56277
78.50148 18.35056
310.94556 19.75783
350.73899 -6.72629
317.68341 53.54342
2.15075 -2.71853
73.51949 19.64002
327.07069 7.38103
77.61857 18.81941
93.08627 35.08164
70.14768 16.89476
73.60145 14.33173
76.5661 15.81604
42.19002 -56.53533
76.01846 17.19133
210.10377 30.65614
72.71678 9.12466
78.82865 7.37348
71.69328 9.99015
108.35147 22.90356
76.68361 12.70037
175.78305 63.3677
142.46023 66.01487
78.09236 14.73989
147.66932 -46.49657
138.93411 -61.16767
351.51546 32.19557
70.2185 10.02041
94.11916 12.74223
28.02639 -43.7286
79.0074 8.92007
128.01885 -62.35258
75.93397 16.7223
75.35385 6.68858
230.84909 42.72934
292.00804 61.2665
76.6116 9.4666
201.1281 29.84642
200.48712 -58.07573
72.03695 8.78533
324.40165 48.89736
279.71955 -43.3667
115.80006 41.57754
70.01625 7.55713
74.09094 17.02092
358.49901 -4.06358
287.57862 37.35505
72.67602 7.62358
174.74941 -19.71256
2.94995 -1.46086
76.25532 11.36968
206.37173 33.6073
75.16841 10.56275
71.65893 19.01274
341.18993 25.98051
82.65749 11.74736
308.31538 -38.91481
302.09461 -11.72233
311.55142 26.66515
359.94991 -1.68315
275.46822 -26.88106
318.11482 7.20951
239.24083 -12.80521
73.42971 8.72341
80.36831 8.83576
280.22006 59.71563
359.2052 -2.75757
161.55863 -6.8916
67.22735 -59.35657
76.91718 12.54674
277.73064 27.58074
10.94419 -21.497
74.7038 18.00185
211.48472 -1.0362
269.59585 6.67887
75.44422 16.72791
40.51938 -19.00928
230.82474 14.44711
323.85074 54.88181
298.48507 27.14923
353.51966 3.08419
252.31433 -12.7706
74.32695 16.98722
85.57623 35.75066
78.11288 9.02219
77.80798 11.95556
216.04472 53.95226
71.67209 11.78036
203.20137 61.51905
306.49947 -2.30153
77.66929 11.41339
73.25789 8.09496
348.12324 31.08939
81.42213 17.4135
240.54807 -46.92998
149.04363 -56.88631
71.00921 9.39733
242.4005 1.29682
213.26791 -17.86346
196.79526 37.69663
73.89816 10.50791
78.0353 18.21023
222.78554 26.20647
77.09593 12.83567
79.88642 15.06379
280.19801 54.85278
76.46837 17.83069
72.03315 13.35484
123.28442 -52.07644
289.27912 -1.70579
156.97286 20.18918
117.69316 13.53568
23.41213 -16.67132
73.69343 9.37925
279.70959 -69.32147
311.30973 75.41367
73.02863 18.89889
123.78731 -14.22589
226.33264 -18.651
75.11442 10.93544
75.79314 16.30536
73.89554 10.45737
74.7042 11.05566
58.92718 -14.09486
72.36887 13.55138
206.37173 33.6073
78.46058 19.83985
80.69553 9.44424
108.04149 44.57666
124.65937 23.1617
72.60483 11.95055
29.07673 19.95
169.03752 61.9958
77.18475 15.99895
52.00313 -59.63511
79.90298 17.92352
137.91618 24.28095
69.16849 46.94447
75.50727 5.73806
28.10432 44.78011
78.93826 16.44589
79.98836 13.85946
76.1613 8.13328
4.48128 -51.45057
286.68054 51.82615
79.46009 12.25527
79.45283 11.2887
74.88508 8.99914
142.89335 4.40504
211.16108 68.29493
70.9923 11.15868
76.03582 7.98928
292.19218 56.17618
5.41027 -52.1276
311.88706 -30.04368
159.31431 -27.44257
78.47057 8.13334
359.71528 -2.07199
74.22764 11.94515
215.92197 -19.34353
76.16801 14.08265
321.7019 -55.90336
165.11109 50.75922
203.23147 36.72574
184.08312 8.93638
280.78472 24.19215
26.92843 41.01691
79.68563 14.3309
74.88554 18.12577
36.42762 -23.10226
68.50921 13.3833
117.11872 31.57831
332.43708 24.69359
69.25204 13.82103
269.17743 -19.30968
72.32859 18.42396
280.77113 -32.99415
230.37429 -18.65813
71.56815 9.32128
230.54546 -72.38806
77.03021 8.92496
137.11831 -82.42523
3.34702 23.67715
78.44582 13.39866
76.33029 8.83542
320.25244 37.0577
208.67365 18.9095
344.46401 30.24863
73.30625 15.54303
3.71589 -2.58508
6.29904 1.38194
352.8905 22.03031
44.27066 12.98791
91.25241 -13.18873
73.09059 16.03365
73.12426 7.44438
73.9995 8.07033
76.49308 20.02263
80.36156 10.86924
36.92336 6.45872
140.80848 -9.3787
355.5703 -4.68579
79.87396 14.53536
71.80378 8.35401
77.4418 11.88612
74.25808 16.92531
68.74328 21.10259
75.2479 9.73401
72.86986 11.90966
220.9805 -31.77457
78.9153 10.49531
221.71652 -13.93193
275.68974 -43.9163
70.29718 15.96037
74.30404 13.89008
342.43152 31.76781
290.07159 69.70561
80.61011 14.65382
165.65749 50.51084
75.93811 13.45143
76.43909 9.17825
69.85238 13.44295
69.60258 13.35942
73.04331 8.11892
76.47638 18.17536
343.00208 -6.78174
52.5209 -49.98864
72.65879 11.87482
76.64025 8.75519
352.99471 18.27513
70.40788 13.05555
74.79049 16.71563
39.07968 -52.51355
174.75407 -14.0676
347.51462 -23.20563
111.21656 -48.08435
206.06509 37.03563
75.12025 11.60764
78.81162 13.97444
99.98716 17.72195
76.34485 10.1981
2.10264 -1.65646
297.90095 -20.84697
128.49414 -8.78307
198.61297 -30.65764
76.80348 12.94056
223.54147 -41.61299
110.64326 12.4137
74.94922 14.65155
41.79357 -55.291
78.78638 17.97201
213.45214 30.59304
72.56961 13.41465
81.2566 16.35841
325.41034 -8.44094
79.01123 12.45831
70.0941 13.66878
18.16751 6.97417
80.53919 9.96232
180.95024 5.70825
95.64188 41.28461
103.38145 55.39162
71.90739 16.50143
74.86914 6.44039
75.50723 6.67033
70.44927 13.34685
130.65188 32.65294
284.88498 27.65117
83.20331 4.62172
272.11825 30.22542
76.5726 13.04277
355.19966 22.96885
157.24389 36.96199
187.53757 10.42964
262.77663 -45.32001
1.85329 1.9868
131.85171 -33.72006
64.21591 -62.23886
74.41823 11.84948
191.41044 11.46926
210.38123 -4.4686
71.89524 19.08479
255.07786 -23.41484
79.80955 12.76351
300.69263 -55.32527
79.64512 11.69055
85.77535 85.54996
171.89958 -14.93888
205.79387 32.92129
51.46106 -49.94032
82.30359 12.15252
314.43361 -10.93111
67.32589 -32.27271
75.0375 18.69539
68.85739 1.52865
76.53877 15.7141
267.38763 56.74212
69.95216 10.8059
80.58703 7.98461
69.74208 10.39195
73.85816 19.05505
79.94767 10.02549
71.32161 12.75373
330.29727 53.29188
147.25901 30.18773
281.68954 14.68815
74.43259 17.51848
279.02972 20.70965
81.56932 11.30521
70.66924 9.30796
72.4343 8.36975
80.18831 18.78346
69.45427 38.65518
77.19174 19.61433
82.01371 13.45799
287.05452 -21.30677
67.46434 13.44081
224.79281 -44.58147
47.88612 -49.02284
76.80348 12.94056
76.40109 9.25285
290.15667 -39.12815
1.73882 -4.80424
54.81552 -4.97654
305.50863 66.24818
70.67881 9.77228
124.7153 47.62233
75.99132 5.96067
81.54711 12.17701
81.47347 12.65857
72.68455 7.87857
325.73495 61.46669
78.30027 7.63779
76.22446 9.31915
79.26947 19.25567
347.1134 -35.69138
72.33987 10.38327
263.01395 56.17967
200.48712 -58.07573
71.64555 13.20337
75.10988 6.95002
77.06756 13.57678
75.82258 19.27721
277.0269 -44.84798
82.75063 16.12874
268.80649 -58.32307
49.71413 -49.91405
214.5263 25.64577
75.65661 14.04353
76.04946 6.15922
171.58123 -29.57966
79.73343 11.487
4.7022 2.57044
64.21591 -62.23886
287.43448 -23.51453
2.7292 59.83597
94.64478 24.33732
73.37692 14.57345
213.22759 -0.89847
72.60483 11.95055
210.62958 -59.23645
211.23645 17.61294
73.41902 7.26637
81.47197 10.86809
77.98371 11.62186
76.83914 16.23218
214.18022 32.3837
354.07234 40.02208
229.60791 -55.51629
76.44075 18.04902
351.4365 17.01404
80.78005 9.39004
79.46009 12.25527
72.61899 15.13726
77.11923 7.5826
71.33871 16.40754
171.41182 52.55065
236.50396 -15.30712
71.01226 9.89663
180.02116 -17.42723
314.43361 -10.93111
72.94891 20.18801
272.1532 39.26999
253.57668 83.62475
191.79495 34.66122
78.24401 19.96859
251.73609 48.38682
275.68345 -39.93482
73.80612 -62.24683
81.68426 9.77284
72.05562 12.10156
72.38085 13.42586
69.29811 13.02028
130.09141 -37.18978
76.31541 12.14041
74.23928 8.81353
37.26302 -8.12065
73.54712 10.86393
77.81928 14.58257
72.02506 10.57479
189.41356 15.03799
276.38676 -22.48281
74.16686 11.71043
71.60197 13.53661
66.66421 19.31948
77.87146 15.4529
73.39808 18.69333
75.8626 19.40569
76.49717 13.10236
73.37904 38.46731
80.09266 18.13155
79.95208 11.84256
89.29524 24.23792
74.47828 10.16065
81.05265 14.0588
77.35651 15.77372
76.37255 7.85166
2.61115 -1.71979
314.43361 -10.93111
78.11453 9.63471
69.25204 13.82103
321.26759 47.92235
218.87313 -40.50457
74.1138 13.62366
292.80544 -55.69407
94.37115 40.54403
73.78894 14.84869
0.80182 -1.50438
72.30607 9.13322
340.20225 25.87599
73.25742 15.17564
319.0805 47.45593
76.52003 9.84769
329.51487 -28.04356
266.94347 -26.93081
327.40195 -42.79818
308.1786 11.02906
189.67935 -56.78937
44.30174 46.03028
76.63047 14.2873
117.58141 27.47379
206.8287 32.44357
45.74798 -48.18707
338.42026 43.15722
132.00045 -20.66791
80.66117 10.47638
73.21026 18.12442
77.65836 9.07073
78.84084 10.58296
75.19259 12.91958
73.49581 14.12111
78.46058 19.83985
8.43581 -12.16182
108.54273 -68.03566
230.52055 3.53127
77.7304 16.58578
132.59319 13.7552
75.59975 5.97338
251.36393 13.55156
185.2858 -5.98612
74.75577 12.37222
69.55449 15.33019
222.42686 15.41735
40.91076 -51.71337
103.42009 32.9746
81.82493 10.24166
353.41363 -57.81809
84.6144 30.17327
92.13749 35.78709
296.65359 -14.90929
2.33912 -2.91757
232.0045 -20.48518
75.703 9.19024
71.81174 14.09655
76.77586 17.79756
2.10725 4.41151
73.33267 12.73917
0.05347 -50.42638
77.76651 20.14233
251.53692 6.45039
17.5164 31.48148
76.08999 6.33882
86.8824 17.62719
79.0074 8.92007
49.26887 17.06692
200.34626 48.02793
79.67079 7.00333
80.24006 15.59047
80.77053 10.34936
247.80615 50.97268
181.28543 22.29378
72.31602 8.87006
77.02616 10.63645
125.71643 9.62112
331.7177 -17.45562
132.06341 -53.49488
233.83834 -57.33374
82.43381 17.50627
185.96381 -5.97486
190.11761 29.09234
69.94431 14.0381
49.97279 -52.23321
77.67236 15.92459
69.3739 15.46273
81.26697 35.75578
71.65258 18.58354
74.58619 10.6522
73.64493 12.63923
69.21634 15.3225
44.59738 -49.81476
72.26222 11.23653
76.56528 13.29978
70.08397 12.91169
76.36694 10.06318
196.46252 -5.68168
109.49387 -3.18494
81.69761 14.32619
80.79418 10.38018
199.1055 -12.89566
94.60687 5.72303
324.44756 27.92221
73.20234 15.96593
89.16585 13.4476
216.79355 -24.93742
281.12173 60.53641
80.53919 9.96232
76.57712 15.94386
73.63689 9.12489
81.98736 17.44949
204.31771 -13.83753
243.9866 -6.5786
79.97327 11.87083
80.47826 18.08721
73.11777 19.87226
78.39834 12.15156
167.7292 -47.55177
88.59862 15.76233
314.74755 20.68599
74.67765 6.70075
359.79137 -1.89004
74.13226 11.19477
76.49308 20.02263
6.24423 -3.05586
82.51464 13.40876
74.54275 14.53038
209.07458 30.71655
1.52164 -1.65488
76.97413 19.05921
75.37602 14.31346
17.17948 -12.69181
112.54668 66.75298
71.83506 13.74892
76.21133 9.74242
80.79764 8.47197
75.69421 16.09948
76.21619 17.64003
354.76443 -0.28464
342.22513 -56.29983
82.24963 10.69666
82.93231 12.24637
75.15847 6.72415
267.19806 -14.09439
73.23628 18.65971
76.75288 12.73691
77.23258 10.38317
223.57898 9.35843
265.51537 -23.98526
81.98736 17.44949
299.3813 85.72696
73.88709 10.53637
77.1239 12.93656
287.95198 -69.52189
5.19691 4.15919
132.00045 -20.66791
71.20378 10.45836
331.41268 8.67943
80.8515 -16.17689
205.29926 33.07586
261.1438 53.17264
297.13012 66.55621
82.82015 17.09529
80.8305 10.20264
358.94105 -2.1401
175.58217 -26.34917
127.33879 23.93495
204.79384 32.01486
302.37654 17.39802
72.03695 8.78533
74.34305 11.81785
77.15239 13.63209
88.04036 -17.22319
0.26892 -1.82254
70.58352 9.22104
217.41185 21.40542
237.62638 50.91389
122.84333 -56.02528
357.28914 -84.10376
78.20628 14.89907
221.97775 -46.1886
98.53979 -10.97651
74.7038 18.00185
79.45806 11.65227
75.61681 11.39306
90.34009 37.69226
342.3074 30.70086
77.18644 9.38662
283.75295 -41.23673
343.32023 -72.18128
74.04734 17.33785
80.72494 18.3846
207.71971 85.39194
77.08701 8.68505
79.48676 14.44622
205.44395 -40.77118
122.13453 -56.46186
355.58019 -3.78643
292.80544 -55.69407
283.77169 0.43802
72.21386 8.60743
351.44971 -61.47915
342.5677 -17.38091
104.68518 -60.40423
76.53877 15.7141
80.41883 18.12873
64.41837 -22.63172
78.98964 11.69033
80.47826 18.08721
177.48995 -19.02443
71.95093 18.29325
221.87205 -15.18304
314.28748 -35.18844
125.91346 3.37092
72.31497 16.33606
72.3236 13.43665
81.86816 10.05858
75.6866 10.93874
142.89335 4.40504
63.43654 10.35759
220.31205 -53.41461
77.9071 9.55133
78.38092 10.2587
204.31771 -13.83753
71.33871 16.40754
68.2551 13.56848
94.35425 -71.88689
80.8515 -16.17689
258.09657 -17.33308
0.03925 -2.75739
359.58627 -1.64457
71.25802 18.59302
188.6991 31.26539
37.21115 1.00153
73.20234 15.96593
79.40697 10.75408
72.38905 13.70311
345.70961 7.95099
75.34626 11.47224
82.43762 12.87817
109.90724 -3.20073
246.50468 10.63501
78.2408 12.9805
219.02671 3.81532
82.59443 12.74966
74.80477 17.03433
257.43436 52.45583
75.10988 6.95002
0.93124 -1.48603
75.35254 7.9012
163.64677 53.56645
70.84335 9.79009
16.13135 -13.78589
69.56634 14.0307
194.41535 18.39436
76.56528 13.29978
75.874 17.24014
72.0342 15.81674
80.95199 9.68715
69.44907 15.52074
223.97369 27.66991
254.10791 -37.23123
79.53972 13.78927
206.43154 -27.47443
257.61692 57.15621
74.70457 17.385
284.95295 -40.50147
123.40032 52.27052
282.19917 63.35883
127.87377 -43.50115
71.20067 11.86338
75.42939 9.80545
78.81109 14.14281
106.04263 26.62379
30.50173 27.12388
2.36442 -1.74833
80.48988 18.81626
146.96803 -13.02973
38.57804 -12.37095
302.09461 -11.72233
81.34803 -57.18299
287.37149 58.57514
128.31368 32.22199
75.85536 12.95562
71.38433 9.66405
314.74755 20.68599
74.11429 17.07616
0.83633 -2.02265
73.74999 8.26713
280.19801 54.85278
76.70486 10.75802
126.69567 21.70691
344.40348 51.37116
77.48226 11.99414
70.61567 13.21918
345.56761 20.00444
68.68938 19.63191
359.33831 -3.29115
75.11189 13.59083
72.44195 10.47368
357.98566 -2.44687
312.13301 47.13485
109.57793 35.41721
172.45688 -27.02191
196.79526 37.69663
78.48381 13.55465
288.79758 22.90064
78.04933 15.41495
353.2136 50.89111
174.46686 -32.85522
187.55915 -17.78421
124.23545 -0.49786
273.97516 -45.0649
79.80283 4.14748
82.18878 12.00369
77.65836 9.07073
159.83046 -45.41198
216.62648 53.92308
311.98055 47.98798
237.4367 -6.85292
70.10576 14.01685
81.83486 10.77239
105.49873 24.83091
85.57623 35.75066
99.98716 17.72195
208.19438 35.51836
210.66771 34.7715
78.10615 10.41831
144.22935 -26.87267
39.9332 -52.6322
272.90839 -48.72408
34.97142 41.96707
82.15889 11.18828
210.36881 32.90877
2.65873 -2.80007
75.44299 59.50499
182.07129 -15.31645
82.07475 15.38605
71.10178 17.26662
3.72559 -2.34193
348.06502 -74.1011
304.27626 23.09689
20.03137 -37.08329
71.76684 13.27142
76.62177 12.93792
53.48367 48.92412
75.06765 13.56034
250.73443 -56.06514
315.66347 46.02638
71.99772 12.11568
146.88389 32.58262
188.98784 51.42094
154.06787 17.17401
75.0375 18.69539
2.46545 -2.00459
76.83914 16.23218
69.85644 13.33672
103.3849 31.347
80.93278 15.10199
132.00045 -20.66791
76.91718 12.54674
2.29896 1.35832
253.96591 29.97455
81.59299 10.21915
71.42953 16.8203
102.34143 35.90788
145.59151 -19.32424
71.35329 9.44486
78.28462 7.66243
208.23456 53.82193
77.55482 9.06503
71.67921 16.83471
334.96858 6.27404
97.55966 -33.36243
79.74475 15.47621
77.30341 16.67763
225.97455 -75.86016
73.07163 8.48096
253.62974 -14.19423
80.80071 13.51572
78.05474 12.02713
74.72154 11.97179
80.92025 16.3802
119.58108 51.16066
75.33486 6.02307
57.96683 -52.25345
210.8191 -4.18491
282.9518 -14.09976
79.26947 19.25567
72.63515 16.49202
180.972 -20.24835
77.56786 16.73486
69.3932 9.71021
75.06752 11.87064
109.90724 -3.20073
261.1438 53.17264
75.25343 10.43247
253.3171 -0.49479
328.93571 60.17515
72.746 11.16571
353.70701 15.9897
75.19311 18.46206
196.02281 -5.10509
289.98214 53.10691
16.13135 -13.78589
355.84555 -2.61394
224.75062 -0.2947
289.119 44.81839
71.4054 11.99669
336.931 29.77712
78.62698 11.9571
42.94366 -49.1871
74.29882 8.74621
245.35216 54.35434
307.37226 27.64978
79.26918 10.68975
128.07997 52.8104
73.68234 15.75379
331.65011 -39.22748
338.9253 14.51078
133.73361 22.64801
69.40712 14.91329
225.5882 1.4454
75.0375 18.69539
78.93727 11.65065
331.38949 40.39538
74.6858 6.8997
3.34702 23.67715
183.30951 -9.06294
73.85816 19.05505
76.85046 21.14301
81.73423 16.76238
72.38789 19.39477
72.43389 7.98057
76.1613 8.13328
133.21362 -50.97688
75.389 8.05416
247.5592 16.65605
279.42436 -17.57098
57.29683 -53.84042
243.59017 51.77727
72.48889 8.82378
102.34143 35.90788
280.60948 -31.0579
352.9235 16.59294
73.50229 7.43369
18.0176 -15.82835
82.38685 17.54933
74.99943 18.43362
78.39607 12.96405
89.70471 28.56462
163.23791 13.11996
116.93956 20.71091
18.96358 1.03031
224.6733 -57.2719
222.08862 -46.47071
219.86213 -68.70904
81.12202 13.71305
60.99426 3.8068
320.27182 13.35247
277.0269 -44.84798
72.74433 14.81853
74.73194 17.36479
313.03727 -8.17016
215.5357 -34.93994
79.84865 17.8079
258.98417 82.93966
79.20915 8.93302
300.04152 21.98007
78.8733 19.60386
42.57577 55.23163
75.20398 18.00601
80.24936 17.40063
76.78743 14.60416
79.48341 12.48692
71.50909 15.17842
69.40712 14.91329
112.38231 37.51495
279.01783 2.83645
70.46256 9.85916
81.63101 14.63931
73.39808 18.69333
72.81394 24.92402
2.68743 -2.39467
74.72154 11.97179
75.7459 10.83017
5.44967 -46.01534
79.03209 17.88434
79.246 13.69152
77.37763 16.31317
208.78206 38.12775
127.10756 -27.10288
203.33391 -16.15719
242.20046 37.60951
72.81063 8.18819
195.0388 -17.02221
1.19166 -1.61034
350.73677 18.77075
243.12826 -33.37402
75.01958 17.50929
195.68213 -40.48693
78.39607 12.96405
60.26767 60.17839
75.1285 16.56057
269.36675 -31.18031
69.05636 14.85137
71.35329 9.44486
92.71278 34.70539
264.32032 -49.6531
16.13135 -13.78589
356.35634 -34.54977
168.57627 -67.09225
77.88787 15.64895
79.39397 11.3363
358.47146 -2.87675
80.31086 15.44414
77.32348 19.3122
79.19783 19.10488
79.29328 17.37407
0.2661 -2.71306
313.65223 -54.43363
47.23492 -50.13301
69.45751 13.82335
273.78291 2.27829
78.30285 19.5804
74.23506 17.64757
132.20025 -73.09965
359.6123 -1.42605
78.90147 18.51516
287.81848 27.09909
183.0315 -1.38592
243.29836 -42.91686
77.14669 8.38649
234.51042 14.86473
74.94273 10.34452
71.50909 15.17842
359.88389 1.88177
155.46172 -55.50619
77.09295 12.78677
76.507 13.45626
255.23272 29.40593
60.57666 67.2894
100.863 26.2656
76.34485 10.1981
82.82162 12.03359
73.59209 11.43915
80.97663 10.29547
77.5999 15.924
77.41317 8.0739
75.10743 13.17249
109.94232 -3.6869
329.49816 -25.61517
80.67491 -53.68469
337.16094 12.98895
77.73591 13.42439
118.88933 55.23018
79.99859 15.84318
72.38789 19.39477
46.52106 35.33721
83.46183 14.58774
75.41102 12.04501
78.70044 18.19746
76.2677 20.21553
188.54783 66.90425
48.62762 -49.40152
73.18543 14.56786
51.46106 -49.94032
76.1613 8.13328
27.05066 37.67784
95.62542 38.38215
74.54275 14.53038
211.16645 29.69965
80.96007 15.10953
300.23137 -16.7447
205.17175 -42.76917
122.8517 16.41637
195.15336 -18.39171
71.616 16.85567
69.46581 4.67926
71.80378 8.35401
77.10962 -79.9618
359.85149 -1.57666
80.05924 6.52188
75.35385 6.68858
359.836 -3.21385
112.79492 39.66099
71.68221 16.08105
79.26947 19.25567
75.11678 15.47229
289.89696 16.67814
240.20031 20.34646
83.27634 17.04643
75.19259 12.91958
1.26678 -2.65616
347.17359 -6.31279
6.11549 -3.72589
122.78408 -53.35488
81.16841 16.24171
76.38584 6.32746
283.14838 -21.13082
196.64026 -71.4477
24.36937 -27.94726
77.20416 19.5912
282.48954 -13.91873
80.10231 14.23776
70.78812 9.80681
80.84977 15.17883
87.45784 11.77419
281.22295 13.1447
64.21591 -62.23886
170.03093 -15.04333
79.0074 8.92007
76.12355 9.9075
80.37293 10.80167
0.25345 -1.08408
293.57789 60.58522
73.68708 10.97438
129.03163 -5.64657
259.77379 -42.01396
74.18899 16.1661
48.93331 14.34304
76.96162 16.3252
3.2946 18.26324
339.18433 27.3871
38.21286 -7.10426
171.0844 -26.15051
286.54994 19.64182
115.11108 -58.2406
79.45768 17.14845
72.33509 16.30493
288.91588 -23.12313
76.79525 6.71348
79.83355 11.81086
107.27331 17.41208
135.69851 -14.37306
1.27713 -2.5505
197.75173 39.38171
91.36113 25.35738
175.42689 -43.1678
256.5319 56.81595
77.98305 12.28194
120.34675 -20.34266
77.74846 20.1998
73.49975 19.21154
137.83209 -4.93371
302.97274 -33.38439
71.83822 8.64059
75.59975 5.97338
335.05211 55.81739
80.338 10.66734
74.60682 15.35409
73.8928 15.91092
77.06755 15.85796
97.91282 33.47225
74.78908 18.57615
72.949 8.51634
76.88818 8.63544
80.46178 9.49001
80.42779 8.53647
73.50289 16.42408
83.28194 13.22301
79.87071 10.01236
79.12533 16.11474
80.71768 14.34495
81.17623 11.63223
185.82097 62.2333
1.12106 -1.12049
212.99945 39.98474
200.78923 34.69497
245.47664 -18.12489
79.05757 7.52969
7.17935 1.70909
119.37115 41.83496
325.41034 -8.44094
340.05994 -11.4985
119.4454 21.68276
82.39189 16.91249
74.49539 10.58195
70.73595 10.98955
77.2941 10.37133
71.80378 8.35401
70.64665 10.66531
73.30625 15.54303
77.56008 13.48868
358.30698 -5.16404
80.13841 34.09023
308.7308 17.83244
242.17426 -42.91487
187.22234 3.90125
82.63553 11.72179
76.53023 6.53422
253.88843 22.08045
199.69949 -70.45622
168.98897 23.09396
215.81744 -2.52763
334.79486 -75.33975
1.30538 -2.03545
71.17442 16.75809
40.459 -55.41212
69.75527 14.51069
83.45219 16.84784
79.94816 13.93621
192.47122 28.44257
75.14127 18.67184
198.37152 67.81292
82.1743 16.44236
74.43727 17.84364
205.59383 -36.93078
292.80544 -55.69407
119.8176 -28.07947
157.38273 -13.8523
181.50523 -47.34122
75.61681 11.39306
74.36798 19.18908
76.89172 13.31738
75.10743 13.17249
56.68214 -9.43797
81.75683 -63.15191
77.22891 8.2103
75.60062 11.68733
95.62542 38.38215
73.90163 8.03777
279.87299 57.06838
80.27666 15.21888
302.48808 -30.12306
74.89413 59.44282
71.48765 15.38301
76.97284 12.51696
351.44971 -61.47915
3.62603 -2.80581
89.60271 64.52011
81.34803 -57.18299
117.61097 -55.46917
73.37771 18.74477
78.85639 11.54709
147.04613 -35.05762
73.49392 18.70795
78.45346 19.93538
140.43349 11.22142
83.15478 13.45017
77.6531 17.07309
80.03294 13.97537
77.26281 15.13411
252.45343 -67.98402
104.07604 32.76296
73.56095 9.76833
115.40542 -78.05159
359.78034 1.84567
128.53772 -50.96109
51.46106 -49.94032
278.80477 -42.28983
314.63917 53.72709
200.68939 -19.9431
206.52797 32.21884
76.98011 9.95162
70.61567 13.21918
47.92889 -51.9848
89.99137 9.69708
77.15097 15.03403
62.61949 -56.89718
80.74418 11.4003
2.822 -37.87718
123.48272 -53.1774
79.98836 13.85946
76.56618 12.0424
100.863 26.2656
4.80749 2.09122
135.20142 -23.55208
120.63534 46.27411
214.5263 25.64577
72.32578 11.87795
357.85153 -2.89904
54.4554 -49.89439
258.09657 -17.33308
274.0878 58.34897
72.35059 16.02646
359.80491 -1.72023
1.60158 -2.77206
88.35289 -75.8715
77.79017 16.79191
79.85362 14.09794
81.87731 9.70399
298.32215 9.76096
286.09667 58.16279
73.08205 13.31439
74.28654 12.06911
74.78088 17.38113
169.54805 -23.20116
176.35044 -59.43598
251.87109 -52.90138
76.48359 20.43475
144.58681 -38.53616
75.08304 -15.08562
74.53703 10.01365
155.65687 29.00626
314.45924 16.2996
72.98129 11.51067
208.28299 32.03739
82.37394 16.98767
80.69124 15.15359
72.60483 11.95055
82.45902 13.5651
80.79764 8.47197
207.80483 -60.00474
79.15173 10.3587
80.62989 12.99257
252.27127 59.32248
107.50294 31.44755
267.83346 -25.12418
73.31959 18.91752
75.05181 17.5388
70.31149 10.1721
72.65218 8.68012
357.28914 -84.10376
77.86464 9.98768
175.46435 -16.63607
77.5999 15.924
196.26285 -25.61699
318.43652 28.76954
295.2137 59.97066
75.34626 11.47224
73.01252 11.55622
71.57819 18.42086
351.51546 32.19557
359.94098 44.34952
78.21693 16.58248
69.59786 12.87652
51.46106 -49.94032
355.54941 -2.8354
76.4007 9.56351
339.76985 35.42038
56.28261 34.77496
216.66589 51.28228
249.56265 -56.80726
72.75932 11.93508
140.12745 48.29956
2.60742 -35.06443
77.79338 13.91322
73.37692 14.57345
166.84171 -81.61466
281.81705 -17.5933
5.03368 9.98244
114.232 26.86877
80.82529 15.26491
73.63765 18.26755
279.09436 -59.46088
15.62553 -29.40279
133.49358 -52.84098
261.33862 -23.77061
286.76567 23.47854
79.4231 6.96348
170.21596 -51.35161
87.78375 -45.01501
288.06468 -49.35142
78.68313 13.02867
81.93065 16.64527
121.59773 -1.62965
164.84079 -27.12163
286.03584 -17.86379
6.32391 -2.79425
322.08712 52.18797
77.45493 14.06204
349.99603 8.05953
2.2026 -3.69455
298.83397 13.69998
161.26591 17.19803
290.69769 -40.1114
94.0548 19.63991
358.11234 -2.54313
76.51187 9.22798
216.0731 32.70262
267.21723 61.04918
260.18944 54.74227
80.15038 15.05008
73.08205 13.31439
151.51873 -25.86168
1.29152 -2.63928
70.89842 10.31603
290.83817 51.87879
72.4343 8.36975
358.41967 3.9868
54.81625 27.45161
74.1138 13.62366
242.4005 1.29682
292.23657 4.73323
65.99249 11.69384
76.5726 13.04277
345.9806 -6.63429
72.14748 18.68909
77.9071 9.55133
249.56265 -56.80726
316.2728 -43.90561
72.31497 16.33606
76.89558 19.46173
317.9426 -60.79535
69.97316 14.47665
268.81455 -30.34064
76.13159 13.73979
79.01876 11.67426
56.68214 -9.43797
70.89842 10.31603
74.41784 11.59243
82.64379 10.76951
76.29345 -32.02111
79.03594 17.66824
72.33368 11.7468
265.23833 76.7974
138.25643 21.70555
188.6991 31.26539
76.10194 14.78911
75.35385 6.68858
72.1976 16.03463
77.62192 15.67191
74.77781 10.13841
67.1966 -62.60382
214.46699 35.6162
78.5199 8.17058
105.36578 66.60482
80.80071 13.51572
293.11643 55.61276
71.21319 15.80738
80.13841 34.09023
161.59825 -86.56158
194.18797 -59.89292
216.79355 -24.93742
349.50145 31.08201
73.50995 10.94288
296.35814 -49.90031
228.91531 -60.18401
79.07683 14.52091
76.64503 -66.17747
81.13457 14.26979
79.73343 11.487
73.28745 7.79131
84.07015 1.00774
227.5666 -42.08891
77.2386 -59.71963
36.20133 -22.9877
313.48326 -38.44079
114.20906 47.38653
315.6756 53.64648
53.56524 -27.63577
79.39487 10.93871
71.20378 10.45836
72.57481 12.02393
83.30414 13.35928
359.01409 -2.98902
68.29791 13.53624
69.85924 13.71774
77.80798 11.95556
1.30538 -2.03545
246.95734 -5.91257
82.2986 36.07473
80.39441 13.0557
83.42371 16.6718
130.15305 -45.51002
213.02652 26.13802
135.41792 -34.80236
81.73182 17.6898
138.62406 75.20995
77.88787 15.64895
78.46058 19.83985
2.23753 -2.00271
78.09895 11.52593
355.91449 -4.56257
292.80544 -55.69407
71.61836 10.66077
251.73609 48.38682
74.78534 11.38496
72.72911 16.87575
74.30416 8.12813
70.47402 -53.32407
81.41618 16.02501
287.28411 54.50662
76.01241 7.64744
72.07908 15.64284
286.89639 -61.7687
147.86957 65.72032
74.42746 8.62923
78.96242 18.59368
